combo_index,analysis_family,analysis_label,outcome,moderator_id,observed_n_selected_features,observed_selected_eeg_ids,observed_beta_interaction,observed_t_interaction,observed_p_naive,observed_p_hc3_naive,selective_exceedances,p_selective_pipeline,p_selective_mc95_low,p_selective_mc95_high,maxT_family_exceedances,p_maxT_family,maxT_global_exceedances,p_maxT_global,network_size_exceedances,p_network_size,null_mean_selected_features,null_median_selected_features,null_q95_selected_features,p_FDR_selective_within_family_10,p_BY_selective_within_family_10,p_FDR_selective_global_30,p_BY_selective_global_30,hit_FDR_selective_global_0_10,hit_maxT_global_0_05
0,OC,Ojos cerrados,BAI,W1,0,,0.0,0.0,1.0,1.0,10000,1.0,0.999631216956884,1.0,10000,1.0,10000,1.0,10000,1.0,0.5281,0.0,0.0,1.0,1.0,1.0,1.0,False,False
1,OC,Ojos cerrados,BAI,W2,0,,0.0,0.0,1.0,1.0,10000,1.0,0.999631216956884,1.0,10000,1.0,10000,1.0,10000,1.0,2.8257,0.0,20.0,1.0,1.0,1.0,1.0,False,False
2,OC,Ojos cerrados,BAI,W3,0,,0.0,0.0,1.0,1.0,10000,1.0,0.999631216956884,1.0,10000,1.0,10000,1.0,10000,1.0,4.5999,0.0,43.0,1.0,1.0,1.0,1.0,False,False
3,OC,Ojos cerrados,BAI,W4,0,,0.0,0.0,1.0,1.0,10000,1.0,0.999631216956884,1.0,10000,1.0,10000,1.0,10000,1.0,0.98,0.0,0.0,1.0,1.0,1.0,1.0,False,False
4,OC,Ojos cerrados,BAI,W5,0,,0.0,0.0,1.0,1.0,10000,1.0,0.999631216956884,1.0,10000,1.0,10000,1.0,10000,1.0,2.5316,0.0,17.0,1.0,1.0,1.0,1.0,False,False
5,OC,Ojos cerrados,MSPSS,W1,0,,0.0,0.0,1.0,1.0,10000,1.0,0.999631216956884,1.0,10000,1.0,10000,1.0,10000,1.0,0.6425,0.0,0.0,1.0,1.0,1.0,1.0,False,False
6,OC,Ojos cerrados,MSPSS,W2,0,,0.0,0.0,1.0,1.0,10000,1.0,0.999631216956884,1.0,10000,1.0,10000,1.0,10000,1.0,4.3724,0.0,43.0,1.0,1.0,1.0,1.0,False,False
7,OC,Ojos cerrados,MSPSS,W3,0,,0.0,0.0,1.0,1.0,10000,1.0,0.999631216956884,1.0,10000,1.0,10000,1.0,10000,1.0,3.3787,0.0,31.0,1.0,1.0,1.0,1.0,False,False
8,OC,Ojos cerrados,MSPSS,W4,31,EEG1 | EEG2 | EEG5 | EEG6 | EEG9 | EEG10 | EEG13 | EEG14 | EEG17 | EEG18 | EEG21 | EEG22 | EEG25 | EEG26 | EEG29 | EEG30 | EEG33 | EEG34 | EEG37 | EEG38 | EEG42 | EEG45 | EEG46 | EEG49 | EEG50 | EEG53 | EEG54 | EEG57 | EEG58 | EEG61 | EEG62,-0.9999065008004532,-2.2353477582467565,0.0363859584781709,0.0361758699694446,1269,0.126987301269873,0.1205210616776561,0.1336715965419374,4073,0.4073592640735926,9880,0.988001199880012,1003,0.1003899610038996,6.4264,0.0,57.0,1.0,1.0,0.870341537274844,1.0,False,False
9,OC,Ojos cerrados,MSPSS,W5,0,,0.0,0.0,1.0,1.0,10000,1.0,0.999631216956884,1.0,10000,1.0,10000,1.0,10000,1.0,2.0809,0.0,10.0,1.0,1.0,1.0,1.0,False,False
10,OA,Ojos abiertos,BAI,W1,0,,0.0,0.0,1.0,1.0,10000,1.0,0.999631216956884,1.0,10000,1.0,10000,1.0,10000,1.0,0.6896,0.0,0.0,1.0,1.0,1.0,1.0,False,False
11,OA,Ojos abiertos,BAI,W2,0,,0.0,0.0,1.0,1.0,10000,1.0,0.999631216956884,1.0,10000,1.0,10000,1.0,10000,1.0,2.6683,0.0,17.0,1.0,1.0,1.0,1.0,False,False
12,OA,Ojos abiertos,BAI,W3,0,,0.0,0.0,1.0,1.0,10000,1.0,0.999631216956884,1.0,10000,1.0,10000,1.0,10000,1.0,5.6075,0.0,64.0,1.0,1.0,1.0,1.0,False,False
13,OA,Ojos abiertos,BAI,W4,0,,0.0,0.0,1.0,1.0,10000,1.0,0.999631216956884,1.0,10000,1.0,10000,1.0,10000,1.0,1.2074,0.0,0.0,1.0,1.0,1.0,1.0,False,False
14,OA,Ojos abiertos,BAI,W5,0,,0.0,0.0,1.0,1.0,10000,1.0,0.999631216956884,1.0,10000,1.0,10000,1.0,10000,1.0,2.2475,0.0,16.0,1.0,1.0,1.0,1.0,False,False
15,OA,Ojos abiertos,MSPSS,W1,0,,0.0,0.0,1.0,1.0,10000,1.0,0.999631216956884,1.0,10000,1.0,10000,1.0,10000,1.0,0.6862,0.0,0.0,1.0,1.0,1.0,1.0,False,False
16,OA,Ojos abiertos,MSPSS,W2,0,,0.0,0.0,1.0,1.0,10000,1.0,0.999631216956884,1.0,10000,1.0,10000,1.0,10000,1.0,4.3421,0.0,43.0,1.0,1.0,1.0,1.0,False,False
17,OA,Ojos abiertos,MSPSS,W3,0,,0.0,0.0,1.0,1.0,10000,1.0,0.999631216956884,1.0,10000,1.0,10000,1.0,10000,1.0,3.3312,0.0,32.0,1.0,1.0,1.0,1.0,False,False
18,OA,Ojos abiertos,MSPSS,W4,2,EEG61 | EEG62,-0.718250932671887,-2.096540265150676,0.0483246361909864,0.2426074648539555,1809,0.180981901809819,0.1734800716771934,0.1886699717747658,5865,0.5865413458654135,9978,0.9978002199780022,1743,0.1743825617438256,6.0929,0.0,50.0,1.0,1.0,0.870341537274844,1.0,False,False
19,OA,Ojos abiertos,MSPSS,W5,0,,0.0,0.0,1.0,1.0,10000,1.0,0.999631216956884,1.0,10000,1.0,10000,1.0,10000,1.0,1.7928,0.0,4.0,1.0,1.0,1.0,1.0,False,False
20,DELTA_OC_MINUS_OA,Reactividad OC−OA,BAI,W1,0,,0.0,0.0,1.0,1.0,10000,1.0,0.999631216956884,1.0,10000,1.0,10000,1.0,10000,1.0,0.0037,0.0,0.0,1.0,1.0,1.0,1.0,False,False
21,DELTA_OC_MINUS_OA,Reactividad OC−OA,BAI,W2,1,EEG3,-22.169760069339297,-2.1210104356318618,0.0459919248789557,0.1356927362553911,3844,0.3844615538446155,0.3749122405068825,0.3940781956524037,9903,0.9903009699030098,9966,0.9966003399660034,4186,0.4186581341865813,2.1411,0.0,12.0,0.6407692564076927,1.0,1.0,1.0,False,False
22,DELTA_OC_MINUS_OA,Reactividad OC−OA,BAI,W3,0,,0.0,0.0,1.0,1.0,10000,1.0,0.999631216956884,1.0,10000,1.0,10000,1.0,10000,1.0,2.2512,0.0,14.0,1.0,1.0,1.0,1.0,False,False
23,DELTA_OC_MINUS_OA,Reactividad OC−OA,BAI,W4,4,EEG4 | EEG8 | EEG12 | EEG59,15.087123714292344,3.317271945073684,0.0032749931054911,8.558608435895556e-05,1149,0.114988501149885,0.1087991398567883,0.1214030305666658,1464,0.1464853514648535,1788,0.1788821117888211,3688,0.3688631136886311,4.1781,2.0,16.0,0.3972102789721027,1.0,0.870341537274844,1.0,False,False
24,DELTA_OC_MINUS_OA,Reactividad OC−OA,BAI,W5,0,,0.0,0.0,1.0,1.0,10000,1.0,0.999631216956884,1.0,10000,1.0,10000,1.0,10000,1.0,1.239,0.0,7.0,1.0,1.0,1.0,1.0,False,False
25,DELTA_OC_MINUS_OA,Reactividad OC−OA,MSPSS,W1,0,,0.0,0.0,1.0,1.0,10000,1.0,0.999631216956884,1.0,10000,1.0,10000,1.0,10000,1.0,0.0047,0.0,0.0,1.0,1.0,1.0,1.0,False,False
26,DELTA_OC_MINUS_OA,Reactividad OC−OA,MSPSS,W2,3,EEG7 | EEG45 | EEG51,-28.516521101710936,-2.8054482325983456,0.010599349572622,0.0068115918447233,2030,0.2030796920307969,0.195232653030183,0.2111000059200521,5749,0.5749425057494251,6257,0.6257374262573743,5302,0.5302469753024698,6.6662,3.0,27.0,0.4061593840615938,1.0,0.870341537274844,1.0,False,False
27,DELTA_OC_MINUS_OA,Reactividad OC−OA,MSPSS,W3,8,EEG11 | EEG19 | EEG23 | EEG31 | EEG39 | EEG43 | EEG55 | EEG59,10.240907939655058,2.6050260265030696,0.0165329758917009,0.849711828079372,1588,0.1588841115888411,0.1517695667028082,0.1661978883693256,7937,0.7937206279372063,8338,0.8338166183381662,1261,0.1261873812618738,3.0351,0.0,17.0,0.3972102789721027,1.0,0.870341537274844,1.0,False,False
28,DELTA_OC_MINUS_OA,Reactividad OC−OA,MSPSS,W4,1,EEG23,-13.060959599205043,-2.6992532538339384,0.0134321025624335,0.1139295060558645,1286,0.1286871312868713,0.1221832696948792,0.1354080426181129,6966,0.6966303369663034,7440,0.744025597440256,4298,0.4298570142985701,1.7748,0.0,9.0,0.3972102789721027,1.0,0.870341537274844,1.0,False,False
29,DELTA_OC_MINUS_OA,Reactividad OC−OA,MSPSS,W5,1,EEG36,-7.766991128056826,-2.089599094870237,0.0490054593140727,0.6190750708593216,192,0.0192980701929807,0.0166925648172126,0.0221885389712821,9925,0.9925007499250076,9980,0.998000199980002,202,0.0202979702029797,0.0971,0.0,0.0,0.192980701929807,0.5652343495809148,0.5789421057894211,1.0,False,False
