model_kind,network_id,representation,local_outcome,lemon_outcome,external_moderator,external_moderator_label,external_moderator_type,external_W_positive_definition,local_analogue,W_equivalence,external_W_n_available,external_W_missing,external_W_n0,external_W_n1,n,df_resid,beta_interaction_std,se_interaction,t_interaction,p_raw,se_hc3,t_hc3,p_hc3,r2_full,r2_reduced,delta_r2,cohen_f2_interaction,slope_W_low_std,slope_W_high_std,condition_number,local_moderator_id,local_moderator,n_components,local_min_p,permutation_exceedances,p_permutation,p_maxT_global,q_BH_raw_global,q_BH_HC3_global,q_BH_permutation_global,q_BY_permutation_global,q_BH_permutation_within_W,q_BH_permutation_within_network_id,p_maxT_within_W,naive_p_lt_0_05,hc3_p_lt_0_05,permutation_p_lt_0_05,robust_nominal,triangulated_nominal
network,NET01__OC__MSPSS__W4,OC,MSPSS,MSPSS_total,GENDER_FEMALE,Mujer vs hombre,binary,1=mujer,W1 SEX_FEMALE,direct,135,0,94.0,41.0,135,131,0.191094815303943,0.1856018998514397,1.0295951466924635,0.3050973238639713,0.1848099064133905,1.0340074242367403,0.303037771337931,0.0403638564989801,0.0325983770525289,0.0077654794464511,0.0080921081381121,-0.227249238765287,-0.0361544234613439,2.314058140427492,W4,LIVING_ALONE,31,0.0301372372361042,2957,0.2957704229577042,1.0,0.8135928636372568,0.8833870120196813,0.7953871279538713,1.0,0.738026197380262,0.8105189481051894,0.8503149685031497,False,False,False,False,False
network,NET02__OA__MSPSS__W4,OA,MSPSS,MSPSS_total,GENDER_FEMALE,Mujer vs hombre,binary,1=mujer,W1 SEX_FEMALE,direct,135,0,94.0,41.0,135,131,0.1245673164190742,0.1983779638220509,0.6279292015055346,0.531143442729847,0.2303888386930664,0.540682947688399,0.5896442782996508,0.0505657662144954,0.047708077289593,0.0028576889249024,0.0030098861229266,-0.2391577390086624,-0.1145904225895882,2.4614956753387216,W4,LIVING_ALONE,2,0.0492521790867692,5297,0.5297470252974702,1.0,0.8763899999540867,0.940359808125346,0.8722036887220369,1.0,0.738026197380262,0.7610148076101481,0.983901609839016,False,False,False,False,False
network,NET03__DELTA_OC_MINUS_OA__MSPSS__W3,DELTA_OC_MINUS_OA,MSPSS,MSPSS_total,GENDER_FEMALE,Mujer vs hombre,binary,1=mujer,W1 SEX_FEMALE,direct,135,0,94.0,41.0,135,131,0.0831958525217641,0.1739932457060953,0.4781556443995324,0.6333364084823211,0.2035794332200034,0.40866531164696,0.6834525701487835,0.0607393797295499,0.059100098778542,0.0016392809510078,0.0017452887043596,-0.2641785500876678,-0.1809826975659035,2.178824665271589,W3,SLEEP_NOT_RECOMMENDED,8,0.0076950147436451,6220,0.6220377962203779,1.0,0.8763899999540867,0.940359808125346,0.874480453189249,1.0,0.738026197380262,0.8491150884911509,0.9963003699630038,False,False,False,False,False
network,NET04__DELTA_OC_MINUS_OA__MSPSS__W2,DELTA_OC_MINUS_OA,MSPSS,MSPSS_total,GENDER_FEMALE,Mujer vs hombre,binary,1=mujer,W1 SEX_FEMALE,direct,135,0,94.0,41.0,135,131,-0.057205693901703,0.1766779218328585,-0.3237851866733016,0.7466170231114855,0.1953985822638809,-0.2927641195699578,0.77016567045773,0.0297176895015921,0.0289411907364138,0.0007764987651782,0.0008002812756417,0.1775885353324438,0.1203828414307407,2.23212593223828,W2,BMI_OVERWEIGHT_OR_OBESE,3,0.0094547706672181,7380,0.738026197380262,1.0,0.9051527284691472,0.940359808125346,0.9083399352372457,1.0,0.738026197380262,0.738026197380262,0.9993000699930008,False,False,False,False,False
network,NET05__DELTA_OC_MINUS_OA__MSPSS__W4,DELTA_OC_MINUS_OA,MSPSS,MSPSS_total,GENDER_FEMALE,Mujer vs hombre,binary,1=mujer,W1 SEX_FEMALE,direct,135,0,94.0,41.0,135,131,-0.1106050469647506,0.1770637652316625,-0.6246622329534209,0.5332792346360027,0.2001044746196779,-0.5527365001455791,0.5813857993289732,0.0423033681800312,0.0394507268967377,0.0028526412832934,0.0029786481318957,0.2271880098449554,0.1165829628802048,2.2157042162287284,W4,LIVING_ALONE,1,0.013432102562434,5239,0.523947605239476,1.0,0.8763899999540867,0.940359808125346,0.8722036887220369,1.0,0.738026197380262,0.8465335284653354,0.9844015598440156,False,False,False,False,False
network,NET06__DELTA_OC_MINUS_OA__BAI__W4,DELTA_OC_MINUS_OA,BAI,STAI_Trait_Anxiety,GENDER_FEMALE,Mujer vs hombre,binary,1=mujer,W1 SEX_FEMALE,direct,135,0,94.0,41.0,135,131,-0.2966711817585751,0.1763414880034969,-1.682367462798612,0.0948797293993134,0.159979020048333,-1.854438048620028,0.0659251038310376,0.0284905830900767,0.0075003413713394,0.0209902417187373,0.0216058036632325,0.2232676785394998,-0.0734035032190752,2.3334013414812813,W4,LIVING_ALONE,4,0.0343388639933498,931,0.0931906809319068,0.9994000599940006,0.6145333504819843,0.6303830961810267,0.5966299921731965,1.0,0.4871512848715128,0.4348898443488985,0.4161583841615838,False,False,False,False,False
network,NET07__DELTA_OC_MINUS_OA__BAI__W2,DELTA_OC_MINUS_OA,BAI,STAI_Trait_Anxiety,GENDER_FEMALE,Mujer vs hombre,binary,1=mujer,W1 SEX_FEMALE,direct,135,0,94.0,41.0,135,131,0.2842172900103829,0.1822459780496389,1.559525719316394,0.1212846234244735,0.1695692855557153,1.6761130359129672,0.0961011084907147,0.048058975125114,0.0303854235825312,0.0176735515425827,0.0185658051084683,-0.2658046993478621,0.0184125906625208,2.211200094209502,W2,BMI_OVERWEIGHT_OR_OBESE,1,0.0459919248789558,1217,0.1217878212178782,0.999900009999,0.6145333504819843,0.6331367147623557,0.5966299921731965,1.0,0.4871512848715128,0.4913508649135086,0.4956504349565043,False,False,False,False,False
network,NET08__DELTA_OC_MINUS_OA__MSPSS__W5,DELTA_OC_MINUS_OA,MSPSS,MSPSS_total,GENDER_FEMALE,Mujer vs hombre,binary,1=mujer,W1 SEX_FEMALE,direct,135,0,94.0,41.0,135,131,0.0725513330334313,0.1962236091996715,0.3697380418663339,0.7121747184315882,0.2089507351532691,0.3472174097890281,0.7289851861840705,0.0183197625098391,0.0172953213333018,0.0010244411765373,0.0010435589282682,0.0905651287375895,0.1631164617710208,2.293507960312154,W5,ATTACHMENT_INSECURE,1,0.0490054593140692,7076,0.7076292370762923,1.0,0.8862618718259764,0.940359808125346,0.8806052728060526,1.0,0.738026197380262,0.954104589541046,0.9991000899910008,False,False,False,False,False
network,NET01__OC__MSPSS__W4,OC,MSPSS,MSPSS_total,AGE_MIDPOINT,Edad por punto medio del intervalo,continuous,mayor edad,none,new_W,135,0,,,135,131,0.067739250182408,0.0825027354370843,0.8210545968389766,0.4131068299739381,0.0844638193299192,0.8019913226729143,0.4240104165562828,0.0352733409020015,0.0303088232628749,0.0049645176391265,0.0051460355037438,-0.2289427997252353,-0.0934642993604192,1.348458041385092,W4,LIVING_ALONE,31,0.0301372372361042,4006,0.4006599340065993,1.0,0.8369678914697404,0.9067801218265378,0.8405381684053816,1.0,0.907909209079092,0.8105189481051894,0.9455054494550544,False,False,False,False,False
network,NET02__OA__MSPSS__W4,OA,MSPSS,MSPSS_total,AGE_MIDPOINT,Edad por punto medio del intervalo,continuous,mayor edad,none,new_W,135,0,,,135,131,0.0041558971643612,0.0932441525770211,0.044570056668469,0.9645178779863354,0.1040495881028659,0.0399415052008912,0.9682005690338508,0.0458313734844966,0.0458169044280956,1.4469056401011926e-05,1.5164045430681358e-05,-0.2168346921217262,-0.2085228977930038,1.413718341201981,W4,LIVING_ALONE,2,0.0492521790867692,9626,0.9626037396260374,1.0,0.9645178779863354,0.9682005690338508,0.9626037396260374,1.0,0.9626037396260374,0.9626037396260374,1.0,False,False,False,False,False
network,NET03__DELTA_OC_MINUS_OA__MSPSS__W3,DELTA_OC_MINUS_OA,MSPSS,MSPSS_total,AGE_MIDPOINT,Edad por punto medio del intervalo,continuous,mayor edad,none,new_W,135,0,,,135,131,-0.0351298077035363,0.0846134980044004,-0.4151797116543909,0.6786895520803924,0.1254533853341879,-0.2800227957974678,0.7799017044489903,0.0544231305558667,0.0531789088019664,0.0012442217539003,0.0013158335341174,-0.1857164398112122,-0.255976055218285,1.5753109182897709,W3,SLEEP_NOT_RECOMMENDED,8,0.0076950147436451,6809,0.680931906809319,1.0,0.8838747655000458,0.940359808125346,0.8806052728060526,1.0,0.907909209079092,0.8491150884911509,0.9982001799820018,False,False,False,False,False
network,NET04__DELTA_OC_MINUS_OA__MSPSS__W2,DELTA_OC_MINUS_OA,MSPSS,MSPSS_total,AGE_MIDPOINT,Edad por punto medio del intervalo,continuous,mayor edad,none,new_W,135,0,,,135,131,0.0962043965872823,0.0841615053203704,1.1430926314954717,0.2550848582914486,0.1434963635527606,0.6704309029539275,0.5037633510801053,0.0325078126089674,0.0228575524493199,0.0096502601596474,0.0099745096502232,0.0272998523782458,0.2197086455528106,1.3986068053053602,W2,BMI_OVERWEIGHT_OR_OBESE,3,0.0094547706672181,2561,0.2561743825617438,1.0,0.7518290560169013,0.940359808125346,0.7531964752242725,1.0,0.907909209079092,0.5123487651234877,0.7917208279172083,False,False,False,False,False
network,NET05__DELTA_OC_MINUS_OA__MSPSS__W4,DELTA_OC_MINUS_OA,MSPSS,MSPSS_total,AGE_MIDPOINT,Edad por punto medio del intervalo,continuous,mayor edad,none,new_W,135,0,,,135,131,-0.0166542105457104,0.0833403207189008,-0.1998337707612563,0.8419204599879694,0.1062211235521181,-0.1567881226330551,0.8756532160056872,0.0321235206489556,0.0318284769071969,0.0002950437417587,0.000304836152188,0.2000842553874183,0.1667758342959975,1.746429559281344,W4,LIVING_ALONE,1,0.013432102562434,8401,0.8401159884011599,1.0,0.94026400503146,0.9499648702920656,0.9404905663279826,1.0,0.960132558172754,0.8733126687331267,1.0,False,False,False,False,False
network,NET06__DELTA_OC_MINUS_OA__BAI__W4,DELTA_OC_MINUS_OA,BAI,STAI_Trait_Anxiety,AGE_MIDPOINT,Edad por punto medio del intervalo,continuous,mayor edad,none,new_W,135,0,,,135,131,0.0407576084067056,0.0911415649933464,0.4471901311951476,0.6554762960120819,0.0818691753847972,0.497838267151695,0.6194327277536933,0.0093414035893124,0.0078291064231718,0.0015122971661406,0.0015265573544911,0.0514020773042021,0.1329172941176134,1.2914229245196474,W4,LIVING_ALONE,4,0.0343388639933498,6535,0.6535346465353464,1.0,0.8838747655000458,0.940359808125346,0.8806052728060526,1.0,0.907909209079092,0.8834283238342833,0.9974002599740026,False,False,False,False,False
network,NET07__DELTA_OC_MINUS_OA__BAI__W2,DELTA_OC_MINUS_OA,BAI,STAI_Trait_Anxiety,AGE_MIDPOINT,Edad por punto medio del intervalo,continuous,mayor edad,none,new_W,135,0,,,135,131,-0.0660868281373205,0.081426169597956,-0.811616565824305,0.4184839457348702,0.0725507051133102,-0.9109053872613038,0.3640183178833073,0.0356361444253199,0.0307869294848999,0.00484921494042,0.0050284080146598,-0.0933406937516903,-0.2255143500263314,1.3706577888378142,W2,BMI_OVERWEIGHT_OR_OBESE,1,0.0459919248789558,4294,0.4294570542945705,1.0,0.8369678914697404,0.8833870120196813,0.8589141085891411,1.0,0.907909209079092,0.6593340665933406,0.9487051294870512,False,False,False,False,False
network,NET08__DELTA_OC_MINUS_OA__MSPSS__W5,DELTA_OC_MINUS_OA,MSPSS,MSPSS_total,AGE_MIDPOINT,Edad por punto medio del intervalo,continuous,mayor edad,none,new_W,135,0,,,135,131,0.0626727943279009,0.0929987352873294,0.6739101788241177,0.5015557979236819,0.1179255178284038,0.5314608363144744,0.5959995010434446,0.0194587592416579,0.0160593879615161,0.0033993712801417,0.0034668315200212,0.0505153409732076,0.1758609296290096,1.2043335597933056,W5,ATTACHMENT_INSECURE,1,0.0490054593140692,5098,0.5098490150984901,1.0,0.8763899999540867,0.940359808125346,0.8722036887220369,1.0,0.907909209079092,0.8922357764223577,0.9809019098090191,False,False,False,False,False
network,NET01__OC__MSPSS__W4,OC,MSPSS,MSPSS_total,HANDEDNESS_NONRIGHT,No diestro vs diestro,binary,1=izquierdo/ambidiestro,none,new_W,135,0,115.0,20.0,135,131,-0.0921816898404841,0.2335163981551093,-0.3947546749126117,0.6936659225966728,0.2382930275095735,-0.3868417418834494,0.6995010543787908,0.0327206956029315,0.0315700670047749,0.0011506285981566,0.0011895515524069,-0.1566519245703747,-0.2488336144108589,2.9067369472611424,W4,LIVING_ALONE,31,0.0301372372361042,6913,0.6913308669133087,1.0,0.8843829584630563,0.940359808125346,0.8806052728060526,1.0,0.6913308669133087,0.8798756487987566,0.999000099990001,False,False,False,False,False
network,NET02__OA__MSPSS__W4,OA,MSPSS,MSPSS_total,HANDEDNESS_NONRIGHT,No diestro vs diestro,binary,1=izquierdo/ambidiestro,none,new_W,135,0,115.0,20.0,135,131,0.1400858105289682,0.2284250931442327,0.6132680459957827,0.5407624365637436,0.216615349906735,0.646703064160887,0.5189556161485743,0.0497887607930553,0.0470607282891881,0.0027280325038672,0.0028709747804541,-0.2355680105069629,-0.0954821999779946,2.9100783906290126,W4,LIVING_ALONE,2,0.0492521790867692,5364,0.5364463553644635,1.0,0.8763899999540867,0.940359808125346,0.8722036887220369,1.0,0.6786749896438928,0.7610148076101481,0.9835016498350164,False,False,False,False,False
network,NET03__DELTA_OC_MINUS_OA__MSPSS__W3,DELTA_OC_MINUS_OA,MSPSS,MSPSS_total,HANDEDNESS_NONRIGHT,No diestro vs diestro,binary,1=izquierdo/ambidiestro,none,new_W,135,0,115.0,20.0,135,131,-0.3362086693511152,0.2374191258611646,-1.4160976632848008,0.1591202425355138,0.2499978220469298,-1.344846393453787,0.1809985989367262,0.0683558430606906,0.0540943438849643,0.0142614991757262,0.0153078823813793,-0.1782942698984537,-0.514502939249569,3.031162839538911,W3,SLEEP_NOT_RECOMMENDED,8,0.0076950147436451,1544,0.1544845515448455,1.0,0.6145333504819843,0.8446601283713893,0.5966299921731965,1.0,0.3805619438056194,0.4325567443255674,0.5716428357164284,False,False,False,False,False
network,NET04__DELTA_OC_MINUS_OA__MSPSS__W2,DELTA_OC_MINUS_OA,MSPSS,MSPSS_total,HANDEDNESS_NONRIGHT,No diestro vs diestro,binary,1=izquierdo/ambidiestro,none,new_W,135,0,115.0,20.0,135,131,0.4781147644538545,0.3020972522407961,1.582651814630734,0.1159121725308627,0.4044808000998789,1.1820456356291646,0.2393287831928617,0.0411098533121465,0.0227753849929791,0.0183344683191674,0.019120509666824,0.1014733170416907,0.5795880814955452,3.601102399401321,W2,BMI_OVERWEIGHT_OR_OBESE,3,0.0094547706672181,1120,0.1120887911208879,0.9998000199980002,0.6145333504819843,0.8833870120196813,0.5966299921731965,1.0,0.3805619438056194,0.3923107689231077,0.4642535746425357,False,False,False,False,False
network,NET05__DELTA_OC_MINUS_OA__MSPSS__W4,DELTA_OC_MINUS_OA,MSPSS,MSPSS_total,HANDEDNESS_NONRIGHT,No diestro vs diestro,binary,1=izquierdo/ambidiestro,none,new_W,135,0,115.0,20.0,135,131,0.2967279287547747,0.2262899136910596,1.3112733303698192,0.1920591651193606,0.2647579767712061,1.1207516101061452,0.2644439959787281,0.0461611245104232,0.0336415323958064,0.0125195921146167,0.0131254789842684,0.1264106543080018,0.4231385830627765,2.836702561923896,W4,LIVING_ALONE,1,0.013432102562434,1838,0.1838816118388161,1.0,0.6474017375134749,0.8833870120196813,0.640824806408248,1.0,0.3805619438056194,0.5148685131486851,0.6496350364963503,False,False,False,False,False
network,NET06__DELTA_OC_MINUS_OA__BAI__W4,DELTA_OC_MINUS_OA,BAI,STAI_Trait_Anxiety,HANDEDNESS_NONRIGHT,No diestro vs diestro,binary,1=izquierdo/ambidiestro,none,new_W,135,0,115.0,20.0,135,131,0.151418136708844,0.2753895453881983,0.549832552631582,0.5833704265391212,0.665918109697108,0.227382518216416,0.8204807973344188,0.0115924557062254,0.0093114537749582,0.0022810019312672,0.0023077544727737,0.0675470755391388,0.2189652122479828,3.247527361982979,W4,LIVING_ALONE,4,0.0343388639933498,5938,0.5938406159384062,1.0,0.8763899999540867,0.9499648702920656,0.8722036887220369,1.0,0.6786749896438928,0.8834283238342833,0.9916008399160084,False,False,False,False,False
network,NET07__DELTA_OC_MINUS_OA__BAI__W2,DELTA_OC_MINUS_OA,BAI,STAI_Trait_Anxiety,HANDEDNESS_NONRIGHT,No diestro vs diestro,binary,1=izquierdo/ambidiestro,none,new_W,135,0,115.0,20.0,135,131,-0.251897593609439,0.2698296237255376,-0.9335431378196688,0.3522571144571883,0.3633647813561937,-0.6932361267079228,0.4893886443625928,0.0379884957521289,0.0315885284992448,0.006399967252884,0.006652693054734,-0.1430157845020176,-0.3949133781114566,3.2603428745046688,W2,BMI_OVERWEIGHT_OR_OBESE,1,0.0459919248789558,3504,0.3504649535046495,1.0,0.8369678914697404,0.940359808125346,0.8405381684053816,1.0,0.5607439256074392,0.6593340665933406,0.8807119288071192,False,False,False,False,False
network,NET08__DELTA_OC_MINUS_OA__MSPSS__W5,DELTA_OC_MINUS_OA,MSPSS,MSPSS_total,HANDEDNESS_NONRIGHT,No diestro vs diestro,binary,1=izquierdo/ambidiestro,none,new_W,135,0,115.0,20.0,135,131,0.3650160764900642,0.2786611393516479,1.3098922847273773,0.1925246833037169,0.2978107726003791,1.2256644489481423,0.2225238914305417,0.0268666289790273,0.0141206781589895,0.0127459508200378,0.0130978457831173,0.0701549857355781,0.4351710622256423,3.382172801024116,W5,ATTACHMENT_INSECURE,1,0.0490054593140692,1902,0.1902809719028097,1.0,0.6474017375134749,0.8833870120196813,0.640824806408248,1.0,0.3805619438056194,0.5327867213278672,0.6505349465053495,False,False,False,False,False
network,NET01__OC__MSPSS__W4,OC,MSPSS,MSPSS_total,EDUCATION_LOWER,Escolaridad menor que Gymnasium,binary,1=Realschule/Hauptschule/incompleta,none,new_W,134,1,126.0,8.0,134,130,-0.2407716874198118,0.4046798685361124,-0.5949682851553219,0.5528988780174386,0.8472825657187385,-0.284169292702923,0.7767327699225816,0.0653975243319443,0.0628526214867957,0.0025449028451486,0.0027229789256972,-0.158636921461998,-0.3994086088818099,4.848354133050437,W4,LIVING_ALONE,31,0.0301372372361042,5330,0.533046695330467,1.0,0.8763899999540867,0.940359808125346,0.8722036887220369,1.0,0.533046695330467,0.8308169183081692,0.9705029497050296,False,False,False,False,False
network,NET02__OA__MSPSS__W4,OA,MSPSS,MSPSS_total,EDUCATION_LOWER,Escolaridad menor que Gymnasium,binary,1=Realschule/Hauptschule/incompleta,none,new_W,134,1,126.0,8.0,134,130,-0.5782447603503117,0.3606442734439604,-1.6033659839608232,0.1112807734211468,0.3784435957797873,-1.5279549364782663,0.12895323052757,0.096488394672936,0.0786212269489613,0.0178671677239746,0.0197752498347897,-0.1783633421415122,-0.756608102491824,4.43319057594758,W4,LIVING_ALONE,2,0.0492521790867692,1053,0.1053894610538946,0.9998000199980002,0.6145333504819843,0.7221380909543922,0.5966299921731965,1.0,0.1653548930821203,0.6866313368663134,0.3990600939906009,False,False,False,False,False
network,NET03__DELTA_OC_MINUS_OA__MSPSS__W3,DELTA_OC_MINUS_OA,MSPSS,MSPSS_total,EDUCATION_LOWER,Escolaridad menor que Gymnasium,binary,1=Realschule/Hauptschule/incompleta,none,new_W,134,1,126.0,8.0,134,130,-0.4447559991202613,0.2682881256494027,-1.6577550647972612,0.0997781340502319,0.2093480484171013,-2.124481228667283,0.0355230578304798,0.0957485552734218,0.0766330146189138,0.019115540654508,0.0211396296527765,-0.1593370123382036,-0.6040930114584651,4.893963048615591,W3,SLEEP_NOT_RECOMMENDED,8,0.0076950147436451,1001,0.1001899810018998,0.9996000399960004,0.6145333504819843,0.4973228096267174,0.5966299921731965,1.0,0.1653548930821203,0.4325567443255674,0.3688631136886311,False,True,False,False,False
network,NET04__DELTA_OC_MINUS_OA__MSPSS__W2,DELTA_OC_MINUS_OA,MSPSS,MSPSS_total,EDUCATION_LOWER,Escolaridad menor que Gymnasium,binary,1=Realschule/Hauptschule/incompleta,none,new_W,134,1,126.0,8.0,134,130,0.5405820006510358,0.2578906013345898,2.096167901635466,0.0380059997362354,0.2148589944753121,2.515984969450046,0.0130874147526258,0.0818081767907329,0.0507738591125294,0.0310343176782035,0.0337993836295909,0.0638747611280396,0.6044567617790755,4.489498526155456,W2,BMI_OVERWEIGHT_OR_OBESE,3,0.0094547706672181,413,0.0413958604139586,0.9496050394960504,0.5225409958667436,0.293158090458819,0.5447455254474552,1.0,0.1653548930821203,0.3923107689231077,0.1764823517648235,True,True,True,True,True
network,NET05__DELTA_OC_MINUS_OA__MSPSS__W4,DELTA_OC_MINUS_OA,MSPSS,MSPSS_total,EDUCATION_LOWER,Escolaridad menor que Gymnasium,binary,1=Realschule/Hauptschule/incompleta,none,new_W,134,1,126.0,8.0,134,130,0.4382848073575222,0.295648234942575,1.4824536579514913,0.14063973206933,0.2614028693899118,1.6766641023506554,0.0960113209309573,0.0746416779642753,0.0589983613677276,0.0156433165965477,0.0169051449844137,0.1192560016340472,0.5575408089915694,4.814340895029879,W4,LIVING_ALONE,1,0.013432102562434,1359,0.135986401359864,1.0,0.6145333504819843,0.6331367147623557,0.5966299921731965,1.0,0.1653548930821203,0.4987001299870013,0.4752524747525247,False,False,False,False,False
network,NET06__DELTA_OC_MINUS_OA__BAI__W4,DELTA_OC_MINUS_OA,BAI,STAI_Trait_Anxiety,EDUCATION_LOWER,Escolaridad menor que Gymnasium,binary,1=Realschule/Hauptschule/incompleta,none,new_W,134,1,126.0,8.0,134,130,0.5679603794129294,0.2915392498961635,1.948143790639572,0.0535525088747329,0.2594774108373892,2.18886252017083,0.0303927987800874,0.0360847406705715,0.0079438706434371,0.0281408700271343,0.0291943402231346,0.0320784887018582,0.6000388681147877,5.302282239824249,W4,LIVING_ALONE,4,0.0343388639933498,502,0.0502949705029497,0.9835016498350164,0.5225409958667436,0.4862847804813988,0.5447455254474552,1.0,0.1653548930821203,0.3520647935206479,0.2296770322967703,False,True,False,False,False
network,NET07__DELTA_OC_MINUS_OA__BAI__W2,DELTA_OC_MINUS_OA,BAI,STAI_Trait_Anxiety,EDUCATION_LOWER,Escolaridad menor que Gymnasium,binary,1=Realschule/Hauptschule/incompleta,none,new_W,134,1,126.0,8.0,134,130,-0.3887168924791834,0.2655995498686697,-1.4635449972388552,0.1457320707380611,0.2262580838523481,-1.718024328062696,0.0881730452970443,0.0464425552004432,0.0307311268962716,0.0157114283041716,0.016476645838022,-0.129668203454751,-0.5183850959339346,4.869492529706391,W2,BMI_OVERWEIGHT_OR_OBESE,1,0.0459919248789558,1446,0.1446855314468553,1.0,0.6145333504819843,0.6331367147623557,0.5966299921731965,1.0,0.1653548930821203,0.4913508649135086,0.4881511848815118,False,False,False,False,False
network,NET08__DELTA_OC_MINUS_OA__MSPSS__W5,DELTA_OC_MINUS_OA,MSPSS,MSPSS_total,EDUCATION_LOWER,Escolaridad menor que Gymnasium,binary,1=Realschule/Hauptschule/incompleta,none,new_W,134,1,126.0,8.0,134,130,0.7516241801499678,0.3975463968408773,1.890657760006851,0.060895770633492,0.3871744160881206,1.9413064213904532,0.0543847456042938,0.0718855594356123,0.046365362542636,0.0255201968929763,0.0274968212728782,0.0752937888648745,0.8269179690148424,4.756783202836886,W5,ATTACHMENT_INSECURE,1,0.0490054593140692,645,0.0645935406459354,0.9903009699030098,0.5225409958667436,0.6091091507680909,0.5447455254474552,1.0,0.1653548930821203,0.3014365230143652,0.2518748125187481,False,False,False,False,False
network,NET01__OC__MSPSS__W4,OC,MSPSS,MSPSS_total,DRUG_SCREEN_POSITIVE,Tamiz de drogas positivo,binary,1=positivo,none,new_W,135,0,127.0,8.0,135,131,0.2198743987746521,0.4370213925920083,0.5031204478814177,0.6157244665115866,0.3677687857670804,0.5978604147060637,0.5509652286194061,0.0383730799539584,0.0365149364406326,0.0018581435133258,0.0019322914891326,-0.1864368992180879,0.0334374995565642,5.384069693457111,W4,LIVING_ALONE,31,0.0301372372361042,5934,0.5934406559344065,1.0,0.8763899999540867,0.940359808125346,0.8722036887220369,1.0,0.8733126687331267,0.8308169183081692,0.9915008499150084,False,False,False,False,False
network,NET02__OA__MSPSS__W4,OA,MSPSS,MSPSS_total,DRUG_SCREEN_POSITIVE,Tamiz de drogas positivo,binary,1=positivo,none,new_W,135,0,127.0,8.0,135,131,0.0933648066851597,0.4240193380444599,0.2201899732114814,0.8260659782003269,0.3348755110178897,0.278804521720228,0.7808344835326535,0.0522499703646177,0.0518992042854582,0.0003507660791595,0.0003701040023121,-0.2204711691862069,-0.1271063625010472,5.124650406597914,W4,LIVING_ALONE,2,0.0492521790867692,8154,0.8154184581541846,1.0,0.94026400503146,0.940359808125346,0.9404905663279826,1.0,0.8733126687331267,0.9513215345132152,1.0,False,False,False,False,False
network,NET03__DELTA_OC_MINUS_OA__MSPSS__W3,DELTA_OC_MINUS_OA,MSPSS,MSPSS_total,DRUG_SCREEN_POSITIVE,Tamiz de drogas positivo,binary,1=positivo,none,new_W,135,0,127.0,8.0,135,131,-0.2590919930639536,0.3638206573376329,-0.7121420618607454,0.477643195900657,0.4167802835278298,-0.6216512711946778,0.5352515431063644,0.0616871041814116,0.0580545703751198,0.0036325338062918,0.0038713459257348,-0.2153397166879755,-0.4744317097519291,4.332495933157353,W3,SLEEP_NOT_RECOMMENDED,8,0.0076950147436451,4590,0.459054094590541,1.0,0.8763899999540867,0.940359808125346,0.8722036887220369,1.0,0.8733126687331267,0.8491150884911509,0.959004099590041,False,False,False,False,False
network,NET04__DELTA_OC_MINUS_OA__MSPSS__W2,DELTA_OC_MINUS_OA,MSPSS,MSPSS_total,DRUG_SCREEN_POSITIVE,Tamiz de drogas positivo,binary,1=positivo,none,new_W,135,0,127.0,8.0,135,131,0.2699616122800169,0.3606470702954867,0.7485479143330652,0.4554715922479871,0.3768748048509066,0.7163164233990515,0.4750710212487804,0.0295034710758028,0.0253523834596667,0.0041510876161361,0.0042772822904762,0.1262022653977382,0.3961638776777552,4.592601839485049,W2,BMI_OVERWEIGHT_OR_OBESE,3,0.0094547706672181,4462,0.4462553744625537,1.0,0.8763899999540867,0.9334728838572528,0.8722036887220369,1.0,0.8733126687331267,0.5679613856796139,0.9498050194980502,False,False,False,False,False
network,NET05__DELTA_OC_MINUS_OA__MSPSS__W4,DELTA_OC_MINUS_OA,MSPSS,MSPSS_total,DRUG_SCREEN_POSITIVE,Tamiz de drogas positivo,binary,1=positivo,none,new_W,135,0,127.0,8.0,135,131,0.058536734738623,0.381452883462336,0.1534573135410649,0.878273788492967,0.3723845695206945,0.1571943080616017,0.8753337362160656,0.0380701247175057,0.0378972038922164,0.0001729208252893,0.0001797644815205,0.1782239710244286,0.2367607057630516,4.70387920134101,W4,LIVING_ALONE,1,0.013432102562434,8733,0.8733126687331267,1.0,0.9458333106847336,0.9499648702920656,0.9404905663279826,1.0,0.8733126687331267,0.8733126687331267,1.0,False,False,False,False,False
network,NET06__DELTA_OC_MINUS_OA__BAI__W4,DELTA_OC_MINUS_OA,BAI,STAI_Trait_Anxiety,DRUG_SCREEN_POSITIVE,Tamiz de drogas positivo,binary,1=positivo,none,new_W,135,0,127.0,8.0,135,131,-0.2591169727678823,0.6079901440068397,-0.4261861402229694,0.6706716783783307,0.9064156449290246,-0.2858699253675968,0.7754292951698459,0.0116490851818132,0.0102787130529082,0.001370372128905,0.0013865238634975,0.0917620646440824,-0.1673549081237999,7.03234918703012,W4,LIVING_ALONE,4,0.0343388639933498,6710,0.671032896710329,1.0,0.8838747655000458,0.940359808125346,0.8806052728060526,1.0,0.8733126687331267,0.8834283238342833,0.9957004299570044,False,False,False,False,False
network,NET07__DELTA_OC_MINUS_OA__BAI__W2,DELTA_OC_MINUS_OA,BAI,STAI_Trait_Anxiety,DRUG_SCREEN_POSITIVE,Tamiz de drogas positivo,binary,1=positivo,none,new_W,135,0,127.0,8.0,135,131,0.2398052109959596,0.4199569920039115,0.5710232608622124,0.5689621733903014,0.510857253041856,0.4694172580854239,0.6395517865642321,0.0344656304083846,0.0320623522382981,0.0024032781700865,0.0024890653774479,-0.1818592453124911,0.0579459656834685,5.2843070978389886,W2,BMI_OVERWEIGHT_OR_OBESE,1,0.0459919248789558,5764,0.5764423557644236,1.0,0.8763899999540867,0.940359808125346,0.8722036887220369,1.0,0.8733126687331267,0.6593340665933406,0.9853014698530148,False,False,False,False,False
network,NET08__DELTA_OC_MINUS_OA__MSPSS__W5,DELTA_OC_MINUS_OA,MSPSS,MSPSS_total,DRUG_SCREEN_POSITIVE,Tamiz de drogas positivo,binary,1=positivo,none,new_W,135,0,127.0,8.0,135,131,0.124686189584488,0.778968321340455,0.1600658026374256,0.8730757891774651,1.0716753152878844,0.1163469829021801,0.9075557242968842,0.0169469708221913,0.0167547047015976,0.0001922661205936,0.0001955806196482,0.1068023582962153,0.2314885478807034,9.378127956396238,W5,ATTACHMENT_INSECURE,1,0.0490054593140692,8625,0.8625137486251375,1.0,0.9458333106847336,0.9499648702920656,0.9404905663279826,1.0,0.8733126687331267,0.954104589541046,1.0,False,False,False,False,False
network,NET01__OC__MSPSS__W4,OC,MSPSS,MSPSS_total,SMOKING_ANY,Fumador ocasional/regular,binary,1=ocasional o regular,none,new_W,135,0,110.0,25.0,135,131,-0.0304687643206995,0.2244694951991574,-0.1357367703512078,0.8922377363256946,0.2416720759848192,-0.126074823483593,0.8998659872374571,0.0311498227656669,0.0310135590112803,0.0001362637543865,0.0001406448154611,-0.1675089327378785,-0.1979776970585781,2.63481407481733,W4,LIVING_ALONE,31,0.0301372372361042,8915,0.8915108489151085,1.0,0.9517202520807408,0.9499648702920656,0.950944905509449,1.0,0.9595040495950404,0.9437056294370564,1.0,False,False,False,False,False
network,NET02__OA__MSPSS__W4,OA,MSPSS,MSPSS_total,SMOKING_ANY,Fumador ocasional/regular,binary,1=ocasional o regular,none,new_W,135,0,110.0,25.0,135,131,0.1356941179981378,0.2230849709166556,0.6082620332538363,0.5440668721361864,0.2650629149503894,0.5119317352392926,0.6095607228045177,0.050136230891447,0.0474535349909126,0.0026826959005343,0.0028242954282297,-0.239477546944615,-0.1037834289464771,2.6842987770444973,W4,LIVING_ALONE,2,0.0492521790867692,5444,0.5444455554444556,1.0,0.8763899999540867,0.940359808125346,0.8722036887220369,1.0,0.871112888711129,0.7610148076101481,0.9896010398960104,False,False,False,False,False
network,NET03__DELTA_OC_MINUS_OA__MSPSS__W3,DELTA_OC_MINUS_OA,MSPSS,MSPSS_total,SMOKING_ANY,Fumador ocasional/regular,binary,1=ocasional o regular,none,new_W,135,0,110.0,25.0,135,131,-0.3410126527151383,0.2291968979256886,-1.4878589361436436,0.1391912997147507,0.295426620410312,-1.1543057705548434,0.2504762644127062,0.0694368823125907,0.0537116143266976,0.015725267985893,0.0168986581210876,-0.1744687360745238,-0.5154813887896623,2.781025246397463,W3,SLEEP_NOT_RECOMMENDED,8,0.0076950147436451,1395,0.1395860413958604,1.0,0.6145333504819843,0.8833870120196813,0.5966299921731965,1.0,0.3860947238609473,0.4325567443255674,0.5677432256774323,False,False,False,False,False
network,NET04__DELTA_OC_MINUS_OA__MSPSS__W2,DELTA_OC_MINUS_OA,MSPSS,MSPSS_total,SMOKING_ANY,Fumador ocasional/regular,binary,1=ocasional o regular,none,new_W,135,0,110.0,25.0,135,131,0.4089005626100457,0.2790856140319749,1.465143819857364,0.1452776363184846,0.4461842478331287,0.916438813328464,0.3611207924871132,0.0375512122725507,0.0217799356485612,0.0157712766239894,0.0163866138386738,0.1007542952392031,0.5096548578492489,3.3343416580881664,W2,BMI_OVERWEIGHT_OR_OBESE,3,0.0094547706672181,1447,0.1447855214478552,1.0,0.6145333504819843,0.8833870120196813,0.5966299921731965,1.0,0.3860947238609473,0.4053994600539946,0.5858414158584142,False,False,False,False,False
network,NET05__DELTA_OC_MINUS_OA__MSPSS__W4,DELTA_OC_MINUS_OA,MSPSS,MSPSS_total,SMOKING_ANY,Fumador ocasional/regular,binary,1=ocasional o regular,none,new_W,135,0,110.0,25.0,135,131,0.1072939860446882,0.2561782049394192,0.4188255830352976,0.6760295045422192,0.3509863617620111,0.305692749729802,0.7603238275901385,0.0339966801204544,0.0327031583966763,0.001293521723778,0.0013390448015637,0.1639439064401956,0.2712378924848838,3.0068418322188264,W4,LIVING_ALONE,1,0.013432102562434,6651,0.6651334866513349,1.0,0.8838747655000458,0.940359808125346,0.8806052728060526,1.0,0.8868446488684465,0.8465335284653354,0.999000099990001,False,False,False,False,False
network,NET06__DELTA_OC_MINUS_OA__BAI__W4,DELTA_OC_MINUS_OA,BAI,STAI_Trait_Anxiety,SMOKING_ANY,Fumador ocasional/regular,binary,1=ocasional o regular,none,new_W,135,0,110.0,25.0,135,131,0.011947255887429,0.2186765375839198,0.0546343746770005,0.9565129867760512,0.269185089075158,0.0443830523023261,0.9646666530622428,0.0092183883563881,0.0091958127930932,2.2575563294879863e-05,2.2785609895836847e-05,0.0853564931139757,0.0973037490014047,2.6113773108362226,W4,LIVING_ALONE,4,0.0343388639933498,9595,0.9595040495950404,1.0,0.9645178779863354,0.9682005690338508,0.9626037396260374,1.0,0.9595040495950404,0.9595040495950404,1.0,False,False,False,False,False
network,NET07__DELTA_OC_MINUS_OA__BAI__W2,DELTA_OC_MINUS_OA,BAI,STAI_Trait_Anxiety,SMOKING_ANY,Fumador ocasional/regular,binary,1=ocasional o regular,none,new_W,135,0,110.0,25.0,135,131,-0.1606155602475131,0.2255072255596621,-0.7122413033502526,0.4775819556022462,0.1994651859154702,-0.8052310457604321,0.4221454800676343,0.0352440336278404,0.0315080885106673,0.0037359451171731,0.0038724249938786,-0.1450094885380315,-0.3056250487855447,2.662346374464882,W2,BMI_OVERWEIGHT_OR_OBESE,1,0.0459919248789558,4792,0.4792520747925207,1.0,0.8763899999540867,0.9067801218265378,0.8722036887220369,1.0,0.871112888711129,0.6593340665933406,0.9747025297470252,False,False,False,False,False
network,NET08__DELTA_OC_MINUS_OA__MSPSS__W5,DELTA_OC_MINUS_OA,MSPSS,MSPSS_total,SMOKING_ANY,Fumador ocasional/regular,binary,1=ocasional o regular,none,new_W,135,0,110.0,25.0,135,131,0.5317625344239892,0.2664115617271298,1.996018982722091,0.0480054484654467,0.4188266729836883,1.2696482070632098,0.2064607833324454,0.0427382918762774,0.0136251735399599,0.0291131183363174,0.0304129143464649,0.0499165101167408,0.58167904454073,3.1409054719785225,W5,ATTACHMENT_INSECURE,1,0.0490054593140692,470,0.0470952904709529,0.9752024797520248,0.5225409958667436,0.8833870120196813,0.5447455254474552,1.0,0.3767623237676232,0.3014365230143652,0.2610738926107389,True,False,True,True,False
network,NET01__OC__MSPSS__W4,OC,MSPSS,MSPSS_total,ANY_SKID_DIAGNOSIS,Cualquier diagnóstico SKID,binary,1=diagnóstico presente/pasado,none,new_W,135,0,110.0,25.0,135,131,-0.016727011064665,0.2402061411335968,-0.0696360675281899,0.9445895157901626,0.2711922579938646,-0.0616795301916159,0.9509120469538082,0.0385057028389689,0.0384701115355836,3.559130338526284e-05,3.7016655730930464e-05,-0.1651518356214929,-0.181878846686158,2.8953201013694643,W4,LIVING_ALONE,31,0.0301372372361042,9437,0.9437056294370564,1.0,0.9645178779863354,0.9682005690338508,0.9626037396260374,1.0,0.9437056294370564,0.9437056294370564,1.0,False,False,False,False,False
network,NET02__OA__MSPSS__W4,OA,MSPSS,MSPSS_total,ANY_SKID_DIAGNOSIS,Cualquier diagnóstico SKID,binary,1=diagnóstico presente/pasado,none,new_W,135,0,110.0,25.0,135,131,-0.1815348935369902,0.2197584432456248,-0.8260656148446046,0.4102688110865221,0.2460806384278851,-0.7377049031437298,0.4620131639112576,0.0611543757753488,0.0562638902180512,0.0048904855572976,0.0052090412215921,-0.181098225326158,-0.3626331188631482,2.605569671926524,W4,LIVING_ALONE,2,0.0492521790867692,4001,0.4001599840015998,1.0,0.8369678914697404,0.9334728838572528,0.8405381684053816,1.0,0.5335466453354665,0.7610148076101481,0.9383061693830616,False,False,False,False,False
network,NET03__DELTA_OC_MINUS_OA__MSPSS__W3,DELTA_OC_MINUS_OA,MSPSS,MSPSS_total,ANY_SKID_DIAGNOSIS,Cualquier diagnóstico SKID,binary,1=diagnóstico presente/pasado,none,new_W,135,0,110.0,25.0,135,131,-0.2731988022016535,0.2133610913427959,-1.280452778349917,0.20264848774925,0.2583345771531086,-1.0575386586354456,0.2922120612764323,0.0807880188624009,0.0692834191027899,0.011504599759611,0.0125157199815576,-0.191082054512883,-0.4642808567145365,2.798263552591353,W3,SLEEP_NOT_RECOMMENDED,8,0.0076950147436451,2012,0.2012798720127987,1.0,0.6474017375134749,0.8833870120196813,0.640824806408248,1.0,0.3295670432956704,0.4696530346965304,0.6903309669033096,False,False,False,False,False
network,NET04__DELTA_OC_MINUS_OA__MSPSS__W2,DELTA_OC_MINUS_OA,MSPSS,MSPSS_total,ANY_SKID_DIAGNOSIS,Cualquier diagnóstico SKID,binary,1=diagnóstico presente/pasado,none,new_W,135,0,110.0,25.0,135,131,0.3511773929564934,0.2181735359868926,1.609624152480122,0.1098871078699087,0.2783524994986785,1.2616283079511583,0.2093244075506245,0.0529979467778553,0.0342683432162461,0.0187296035616091,0.0197777855896745,0.0886413443203685,0.439818737276862,2.753963548174058,W2,BMI_OVERWEIGHT_OR_OBESE,3,0.0094547706672181,1064,0.1064893510648935,0.9998000199980002,0.6145333504819843,0.8833870120196813,0.5966299921731965,1.0,0.3295670432956704,0.3923107689231077,0.4602539746025397,False,False,False,False,False
network,NET05__DELTA_OC_MINUS_OA__MSPSS__W4,DELTA_OC_MINUS_OA,MSPSS,MSPSS_total,ANY_SKID_DIAGNOSIS,Cualquier diagnóstico SKID,binary,1=diagnóstico presente/pasado,none,new_W,135,0,110.0,25.0,135,131,0.3250256095393992,0.2235480777490226,1.4539405250637198,0.1483544195752586,0.2688040522306104,1.2091544262158502,0.2287813005308801,0.0609407778346198,0.0457872074786526,0.0151535703559672,0.0161369698505537,0.1316891132517874,0.4567147227911866,2.8187892541778887,W4,LIVING_ALONE,1,0.013432102562434,1424,0.1424857514248575,1.0,0.6145333504819843,0.8833870120196813,0.5966299921731965,1.0,0.3295670432956704,0.4987001299870013,0.5675432456754325,False,False,False,False,False
network,NET06__DELTA_OC_MINUS_OA__BAI__W4,DELTA_OC_MINUS_OA,BAI,STAI_Trait_Anxiety,ANY_SKID_DIAGNOSIS,Cualquier diagnóstico SKID,binary,1=diagnóstico presente/pasado,none,new_W,135,0,110.0,25.0,135,131,0.257027879843727,0.2031735081493527,1.2650659142765108,0.2080934156293312,0.2911888946519642,0.8826843487658855,0.3790237237484067,0.0409136334603886,0.0291967332672802,0.0117169001931084,0.0122167310493455,0.0348776352091077,0.2919055150528348,2.618884778901403,W4,LIVING_ALONE,4,0.0343388639933498,2059,0.205979402059794,1.0,0.6474017375134749,0.8833870120196813,0.640824806408248,1.0,0.3295670432956704,0.720927907209279,0.7018298170182982,False,False,False,False,False
network,NET07__DELTA_OC_MINUS_OA__BAI__W2,DELTA_OC_MINUS_OA,BAI,STAI_Trait_Anxiety,ANY_SKID_DIAGNOSIS,Cualquier diagnóstico SKID,binary,1=diagnóstico presente/pasado,none,new_W,135,0,110.0,25.0,135,131,-0.4169194474714366,0.2197282681083265,-1.897432001174717,0.0599717922395243,0.3010913762299038,-1.3846940842074809,0.1684999178620834,0.0812771562404655,0.0560280702580178,0.0252490859824476,0.0274828106800143,-0.1154435978243144,-0.5323630452957511,2.8369365799871717,W2,BMI_OVERWEIGHT_OR_OBESE,1,0.0459919248789558,605,0.0605939406059394,0.9894010598940106,0.5225409958667436,0.8246574590750362,0.5447455254474552,1.0,0.3295670432956704,0.4241575842415759,0.2901709829017098,False,False,False,False,False
network,NET08__DELTA_OC_MINUS_OA__MSPSS__W5,DELTA_OC_MINUS_OA,MSPSS,MSPSS_total,ANY_SKID_DIAGNOSIS,Cualquier diagnóstico SKID,binary,1=diagnóstico presente/pasado,none,new_W,135,0,110.0,25.0,135,131,0.0778869401336333,0.2695986715050785,0.2888995694927457,0.7731149009800007,0.270714111719693,0.2877091986038772,0.7740240024759203,0.0235644892198806,0.0229423808290225,0.000622108390858,0.0006371218416268,0.1026592709959384,0.1805462111295718,3.143545161466862,W5,ATTACHMENT_INSECURE,1,0.0490054593140692,7723,0.7723227677232277,1.0,0.914476435716027,0.940359808125346,0.9140643830353806,1.0,0.8826545916836889,0.954104589541046,1.0,False,False,False,False,False
network,NET01__OC__MSPSS__W4,OC,MSPSS,MSPSS_total,HAMILTON_LOG1P,Escala Hamilton,continuous,mayor sintomatología,none,new_W_clinical,134,1,,,134,130,0.0246662006936131,0.0863792746494009,0.2855569324207588,0.7756719767234157,0.0750763397874795,0.3285482585250741,0.743025796908047,0.0330435493308018,0.0324370239509074,0.0006065253798944,0.0006272520127196,-0.1989311381819833,-0.1495987367947571,1.339068119699362,W4,LIVING_ALONE,31,0.0301372372361042,7753,0.7753224677532247,1.0,0.914476435716027,0.940359808125346,0.9140643830353806,1.0,0.954104589541046,0.9045428790454288,1.0,False,False,False,False,False
network,NET02__OA__MSPSS__W4,OA,MSPSS,MSPSS_total,HAMILTON_LOG1P,Escala Hamilton,continuous,mayor sintomatología,none,new_W_clinical,134,1,,,134,130,-0.0092370164193508,0.08466553714356,-0.1091000746110951,0.9132913407874712,0.0782629648956897,-0.118025383163826,0.9062297124924482,0.0472424836705442,0.0471552489997445,8.723467079974068e-05,9.156020215491604e-05,-0.2104535330312817,-0.2289275658699834,1.3633577354716593,W4,LIVING_ALONE,2,0.0492521790867692,9151,0.9151084891510848,1.0,0.9559685062448298,0.9499648702920656,0.9578705680833786,1.0,0.954104589541046,0.9626037396260374,1.0,False,False,False,False,False
network,NET03__DELTA_OC_MINUS_OA__MSPSS__W3,DELTA_OC_MINUS_OA,MSPSS,MSPSS_total,HAMILTON_LOG1P,Escala Hamilton,continuous,mayor sintomatología,none,new_W_clinical,134,1,,,134,130,-0.0419696594260345,0.0810892675969706,-0.5175735417248047,0.6056354537433856,0.0954047005424587,-0.4399118616525236,0.6607314368094477,0.0556760569715062,0.0537301513027457,0.0019459056687605,0.0020606336237964,-0.18676393066416,-0.2707032495162291,1.1251989607888302,W3,SLEEP_NOT_RECOMMENDED,8,0.0076950147436451,5996,0.5996400359964004,1.0,0.8763899999540867,0.940359808125346,0.8722036887220369,1.0,0.954104589541046,0.8491150884911509,0.9956004399560044,False,False,False,False,False
network,NET04__DELTA_OC_MINUS_OA__MSPSS__W2,DELTA_OC_MINUS_OA,MSPSS,MSPSS_total,HAMILTON_LOG1P,Escala Hamilton,continuous,mayor sintomatología,none,new_W_clinical,134,1,,,134,130,0.0875631155538955,0.0828890696226853,1.056389171123367,0.2927496350534114,0.0920977350556708,0.9507629639422271,0.3434889923398984,0.0298900172913363,0.0215623090256961,0.0083277082656402,0.0085842929297441,0.0509068692370859,0.2260331003448771,1.1704428341252828,W2,BMI_OVERWEIGHT_OR_OBESE,3,0.0094547706672181,2944,0.2944705529447055,1.0,0.8041828349959962,0.8833870120196813,0.7953871279538713,1.0,0.954104589541046,0.5153234676532347,0.8428157184281572,False,False,False,False,False
network,NET05__DELTA_OC_MINUS_OA__MSPSS__W4,DELTA_OC_MINUS_OA,MSPSS,MSPSS_total,HAMILTON_LOG1P,Escala Hamilton,continuous,mayor sintomatología,none,new_W_clinical,134,1,,,134,130,0.0450902620972254,0.0786373696221509,0.5733948415859043,0.5673679681453118,0.0960391141299965,0.4694989380700889,0.6394995672296462,0.0346406424450912,0.0321991621606865,0.0024414802844047,0.0025290895719792,0.1294761754791665,0.2196566996736174,1.22204759088336,W4,LIVING_ALONE,1,0.013432102562434,5609,0.5609439056094391,1.0,0.8763899999540867,0.940359808125346,0.8722036887220369,1.0,0.954104589541046,0.8465335284653354,0.9915008499150084,False,False,False,False,False
network,NET06__DELTA_OC_MINUS_OA__BAI__W4,DELTA_OC_MINUS_OA,BAI,STAI_Trait_Anxiety,HAMILTON_LOG1P,Escala Hamilton,continuous,mayor sintomatología,none,new_W_clinical,134,1,,,134,130,0.0322937506177556,0.1018085091904666,0.3172008987710398,0.7516000334609882,0.1267461850660881,0.254790711064929,0.7992873719866767,0.0366669306749797,0.035921337480793,0.0007455931941866,0.0007739723860087,0.0545993409702978,0.1191868422058092,1.295536021016822,W4,LIVING_ALONE,4,0.0343388639933498,7572,0.7572242775722428,1.0,0.9051527284691472,0.9423177438158714,0.9119260116999052,1.0,0.954104589541046,0.8834283238342833,0.9998000199980002,False,False,False,False,False
network,NET07__DELTA_OC_MINUS_OA__BAI__W2,DELTA_OC_MINUS_OA,BAI,STAI_Trait_Anxiety,HAMILTON_LOG1P,Escala Hamilton,continuous,mayor sintomatología,none,new_W_clinical,134,1,,,134,130,-0.0447556036067292,0.0837488334429157,-0.5344027106626529,0.59397570098281,0.1033839352636815,-0.4329067518331516,0.6657998863407943,0.0617200099327521,0.0596587801594076,0.0020612297733445,0.0021968173627968,-0.1305734370979999,-0.2200846443114583,1.1093487566593432,W2,BMI_OVERWEIGHT_OR_OBESE,1,0.0459919248789558,5967,0.5967403259674032,1.0,0.8763899999540867,0.940359808125346,0.8722036887220369,1.0,0.954104589541046,0.6593340665933406,0.9943005699430058,False,False,False,False,False
network,NET08__DELTA_OC_MINUS_OA__MSPSS__W5,DELTA_OC_MINUS_OA,MSPSS,MSPSS_total,HAMILTON_LOG1P,Escala Hamilton,continuous,mayor sintomatología,none,new_W_clinical,134,1,,,134,130,0.0049074620419203,0.0851787942644219,0.0576136594125303,0.9541448313325798,0.0959555364274823,0.0511430838139201,0.9592900046011784,0.0125890359578422,0.0125638240613888,2.5211896453325444e-05,2.5533336545216867e-05,0.1072094403638024,0.1170243644476432,1.1450290677714876,W5,ATTACHMENT_INSECURE,1,0.0490054593140692,9541,0.954104589541046,1.0,0.9645178779863354,0.9682005690338508,0.9626037396260374,1.0,0.954104589541046,0.954104589541046,1.0,False,False,False,False,False
network,NET01__OC__MSPSS__W4,OC,MSPSS,MSPSS_total,BSL23_SUM_LOG1P,BSL-23 suma,continuous,mayor sintomatología,none,new_W_clinical,108,27,,,108,104,-0.0623569340640949,0.109328732601372,-0.5703618123101925,0.5696625322535659,0.1269095387323405,-0.4913494658239148,0.6242146472891767,0.1683250246998865,0.1657235406034793,0.0026014840964071,0.0031280057398244,-0.1325875735450761,-0.2573014416732661,1.2310466314112458,W4,LIVING_ALONE,31,0.0301372372361042,5654,0.5654434556544345,1.0,0.8763899999540867,0.940359808125346,0.8722036887220369,1.0,0.6462210921764966,0.8308169183081692,0.992100789921008,False,False,False,False,False
network,NET02__OA__MSPSS__W4,OA,MSPSS,MSPSS_total,BSL23_SUM_LOG1P,BSL-23 suma,continuous,mayor sintomatología,none,new_W_clinical,108,27,,,108,104,-0.1391734417462765,0.1082534539552451,-1.2856258776169351,0.2014289855972451,0.1119928808049711,-1.2426990068113228,0.216773362840684,0.1846468098062184,0.1716887002779386,0.0129581095282798,0.0158926336269072,-0.065650063650722,-0.3439969471432751,1.2336516442699486,W4,LIVING_ALONE,2,0.0492521790867692,1961,0.1961803819618038,1.0,0.6474017375134749,0.8833870120196813,0.640824806408248,1.0,0.3138886111388861,0.6866313368663134,0.698930106989301,False,False,False,False,False
network,NET03__DELTA_OC_MINUS_OA__MSPSS__W3,DELTA_OC_MINUS_OA,MSPSS,MSPSS_total,BSL23_SUM_LOG1P,BSL-23 suma,continuous,mayor sintomatología,none,new_W_clinical,108,27,,,108,104,-0.2530136808868555,0.0823935965437352,-3.0707930166946125,0.0027242954909882,0.0901699338754512,-2.805965026394884,0.0059894836648504,0.2584892660707599,0.1912558479060501,0.0672334181647098,0.0906708629940422,-0.0207695851972755,-0.5267969469709866,1.2174448079743596,W3,SLEEP_NOT_RECOMMENDED,8,0.0076950147436451,24,0.0024997500249975,0.2406759324067593,0.3051210949906878,0.1677055426158131,0.27997200279972,1.0,0.01999800019998,0.034996500349965,0.0210978902109789,True,True,True,True,True
network,NET04__DELTA_OC_MINUS_OA__MSPSS__W2,DELTA_OC_MINUS_OA,MSPSS,MSPSS_total,BSL23_SUM_LOG1P,BSL-23 suma,continuous,mayor sintomatología,none,new_W_clinical,108,27,,,108,104,0.161211421940802,0.0888135604408997,1.81516675089362,0.0723802629908951,0.110889685229213,1.4537999779472013,0.1490128879398871,0.1852273769088162,0.1594145158174057,0.0258128610914104,0.0316810608995163,0.0287115338589132,0.3511343777405173,1.2202910243726726,W2,BMI_OVERWEIGHT_OR_OBESE,3,0.0094547706672181,747,0.0747925207479252,0.996100389961004,0.5404392969986834,0.7947354023460648,0.5584508215845082,1.0,0.1495850414958504,0.3923107689231077,0.3394660533946605,False,False,False,False,False
network,NET05__DELTA_OC_MINUS_OA__MSPSS__W4,DELTA_OC_MINUS_OA,MSPSS,MSPSS_total,BSL23_SUM_LOG1P,BSL-23 suma,continuous,mayor sintomatología,none,new_W_clinical,108,27,,,108,104,0.1758061220673717,0.0803803639744652,2.1871774818439578,0.0309697329028593,0.1116423822795545,1.5747256416219246,0.1183570415035482,0.200941456794046,0.1641867204467418,0.0367547363473041,0.0459975513181276,0.0179130425359036,0.3695252866706471,1.208710170944051,W4,LIVING_ALONE,1,0.013432102562434,311,0.0311968803119688,0.9122087791220878,0.5225409958667436,0.6976836130735474,0.5447455254474552,1.0,0.1247875212478752,0.3212678732126787,0.1704829517048295,True,False,True,True,False
network,NET06__DELTA_OC_MINUS_OA__BAI__W4,DELTA_OC_MINUS_OA,BAI,STAI_Trait_Anxiety,BSL23_SUM_LOG1P,BSL-23 suma,continuous,mayor sintomatología,none,new_W_clinical,108,27,,,108,104,0.0521787306237143,0.0785229988274645,0.6645025203171954,0.5078394424588972,0.0560849077403231,0.9303524375096648,0.3543431780522548,0.3073268640130211,0.3043859097513977,0.0029409542616234,0.0042458038414221,0.0174632565439493,0.121820717791378,1.4827714808859538,W4,LIVING_ALONE,4,0.0343388639933498,5046,0.5046495350464953,1.0,0.8763899999540867,0.8833870120196813,0.8722036887220369,1.0,0.6462210921764966,0.8834283238342833,0.9823017698230176,False,False,False,False,False
network,NET07__DELTA_OC_MINUS_OA__BAI__W2,DELTA_OC_MINUS_OA,BAI,STAI_Trait_Anxiety,BSL23_SUM_LOG1P,BSL-23 suma,continuous,mayor sintomatología,none,new_W_clinical,108,27,,,108,104,-0.0091345937935223,0.0753785654721486,-0.1211829083812619,0.903779989632103,0.0702006565525158,-0.1301212017396007,0.896721884056835,0.3172379966111402,0.3171415873515845,9.640925955578528e-05,0.0001412047815743,-0.1355516386742328,-0.1538208262612775,1.118758683670768,W2,BMI_OVERWEIGHT_OR_OBESE,1,0.0459919248789558,9024,0.9024097590240976,1.0,0.9549373475358072,0.9499648702920656,0.9534895567047068,1.0,0.9024097590240976,0.9024097590240976,1.0,False,False,False,False,False
network,NET08__DELTA_OC_MINUS_OA__MSPSS__W5,DELTA_OC_MINUS_OA,MSPSS,MSPSS_total,BSL23_SUM_LOG1P,BSL-23 suma,continuous,mayor sintomatología,none,new_W_clinical,108,27,,,108,104,0.1621197865120762,0.0846777331941685,1.9145503829245247,0.0582978425331853,0.0924124710222466,1.7543063692458645,0.0823235044066862,0.1652844790548762,0.1358647445641592,0.0294197344907169,0.0352452227765046,-0.0854108925046957,0.2388286805194566,1.178669882978498,W5,ATTACHMENT_INSECURE,1,0.0490054593140692,584,0.0584941505849415,0.9875012498750124,0.5225409958667436,0.6331367147623557,0.5447455254474552,1.0,0.1495850414958504,0.3014365230143652,0.2867713228677132,False,False,False,False,False
network,NET01__OC__MSPSS__W4,OC,MSPSS,MSPSS_total,BSL23_BEHAVIOR_ANY,Alguna conducta BSL-23,binary,1=cualquier conducta,none,new_W_clinical,108,27,63.0,45.0,108,104,0.3014604964848553,0.1894078280149156,1.5915947067463112,0.1145109339391021,0.1776010315344589,1.6974028465953173,0.0926111760393317,0.0738462770388701,0.0512875437414995,0.0225587332973705,0.0243574395244506,-0.3344701059904469,-0.0330096095055916,2.029965510406581,W4,LIVING_ALONE,31,0.0301372372361042,1145,0.1145885411458854,0.9998000199980002,0.6145333504819843,0.6331367147623557,0.5966299921731965,1.0,0.8491150884911509,0.802119788021198,0.5070492950704929,False,False,False,False,False
network,NET02__OA__MSPSS__W4,OA,MSPSS,MSPSS_total,BSL23_BEHAVIOR_ANY,Alguna conducta BSL-23,binary,1=cualquier conducta,none,new_W_clinical,108,27,63.0,45.0,108,104,0.1007036600888774,0.1928889711788334,0.5220809643673816,0.6027241909003521,0.1948366176725076,0.5168620831744566,0.6063498670451056,0.0583328135683464,0.0558648439153269,0.0024679696530194,0.0026208512822577,-0.2497462206933314,-0.149042560604454,2.040124281479865,W4,LIVING_ALONE,2,0.0492521790867692,5979,0.597940205979402,1.0,0.8763899999540867,0.940359808125346,0.8722036887220369,1.0,0.8491150884911509,0.7610148076101481,0.9969003099690033,False,False,False,False,False
network,NET03__DELTA_OC_MINUS_OA__MSPSS__W3,DELTA_OC_MINUS_OA,MSPSS,MSPSS_total,BSL23_BEHAVIOR_ANY,Alguna conducta BSL-23,binary,1=cualquier conducta,none,new_W_clinical,108,27,63.0,45.0,108,104,0.0375304664908614,0.1924420492834922,0.19502217228821,0.8457560774380697,0.2418617286778991,0.1551732334669733,0.8769855167892211,0.0960335375571825,0.0957029496538102,0.0003305879033723,0.0003657081508079,-0.3020791075200241,-0.2645486410291627,2.076825667801607,W3,SLEEP_NOT_RECOMMENDED,8,0.0076950147436451,8491,0.8491150884911509,1.0,0.94026400503146,0.9499648702920656,0.9404905663279826,1.0,0.8491150884911509,0.8491150884911509,1.0,False,False,False,False,False
network,NET04__DELTA_OC_MINUS_OA__MSPSS__W2,DELTA_OC_MINUS_OA,MSPSS,MSPSS_total,BSL23_BEHAVIOR_ANY,Alguna conducta BSL-23,binary,1=cualquier conducta,none,new_W_clinical,108,27,63.0,45.0,108,104,0.0988771909268215,0.2033156626528133,0.4863235307929353,0.6277610171693406,0.2779546461506122,0.3557313838648483,0.7227622744260129,0.059133976070993,0.056994314861132,0.0021396612098609,0.0022741401596434,0.1783004408108232,0.2771776317376447,2.168119432485905,W2,BMI_OVERWEIGHT_OR_OBESE,3,0.0094547706672181,6324,0.6324367563243676,1.0,0.8763899999540867,0.940359808125346,0.874480453189249,1.0,0.8491150884911509,0.6810857375800882,0.9982001799820018,False,False,False,False,False
network,NET05__DELTA_OC_MINUS_OA__MSPSS__W4,DELTA_OC_MINUS_OA,MSPSS,MSPSS_total,BSL23_BEHAVIOR_ANY,Alguna conducta BSL-23,binary,1=cualquier conducta,none,new_W_clinical,108,27,63.0,45.0,108,104,-0.0611392404138612,0.1919607928247622,-0.3184985825187447,0.7507454990006284,0.2314018433646047,-0.2642124173467715,0.7921391098542856,0.0587751350624251,0.0578570666182741,0.0009180684441509,0.0009753975679466,0.2423326899200289,0.1811934495061677,2.071900917327143,W4,LIVING_ALONE,1,0.013432102562434,7480,0.748025197480252,1.0,0.9051527284691472,0.9423177438158714,0.9106393708455242,1.0,0.8491150884911509,0.8726960637269607,0.9997000299970004,False,False,False,False,False
network,NET06__DELTA_OC_MINUS_OA__BAI__W4,DELTA_OC_MINUS_OA,BAI,STAI_Trait_Anxiety,BSL23_BEHAVIOR_ANY,Alguna conducta BSL-23,binary,1=cualquier conducta,none,new_W_clinical,108,27,63.0,45.0,108,104,0.0367555131700961,0.1911801344463718,0.1922559228056538,0.8479166473944415,0.2131050155743991,0.1724760586747623,0.8633984842396244,0.0636651168339813,0.063332336755437,0.0003327800785443,0.0003554071139794,0.0664026426200562,0.1031581557901524,2.069574671560109,W4,LIVING_ALONE,4,0.0343388639933498,8467,0.8467153284671532,1.0,0.94026400503146,0.9499648702920656,0.9404905663279826,1.0,0.8491150884911509,0.9118472768107804,1.0,False,False,False,False,False
network,NET07__DELTA_OC_MINUS_OA__BAI__W2,DELTA_OC_MINUS_OA,BAI,STAI_Trait_Anxiety,BSL23_BEHAVIOR_ANY,Alguna conducta BSL-23,binary,1=cualquier conducta,none,new_W_clinical,108,27,63.0,45.0,108,104,-0.101265567391439,0.198847730196273,-0.5092618723456618,0.6116475264598097,0.2271757417683159,-0.4457587179123825,0.6566981354024632,0.0832720218871803,0.0809859521655194,0.0022860697216608,0.0024937274483178,-0.1231651114330692,-0.2244306788245083,2.165122676133436,W2,BMI_OVERWEIGHT_OR_OBESE,1,0.0459919248789558,6122,0.6122387761223878,1.0,0.8763899999540867,0.940359808125346,0.874480453189249,1.0,0.8491150884911509,0.6593340665933406,0.9973002699730028,False,False,False,False,False
network,NET08__DELTA_OC_MINUS_OA__MSPSS__W5,DELTA_OC_MINUS_OA,MSPSS,MSPSS_total,BSL23_BEHAVIOR_ANY,Alguna conducta BSL-23,binary,1=cualquier conducta,none,new_W_clinical,108,27,63.0,45.0,108,104,-0.184411805038421,0.2079184459306903,-0.8869429752273871,0.3771560713226615,0.2440237130045949,-0.7557126427092298,0.451529749738049,0.0379840167987159,0.0307072183678881,0.0072767984308278,0.0075641138587042,0.1928251648768333,0.0084133598384122,2.226942336477828,W5,ATTACHMENT_INSECURE,1,0.0490054593140692,3758,0.3758624137586241,1.0,0.8369678914697404,0.9334728838572528,0.8405381684053816,1.0,0.8491150884911509,0.7517248275172482,0.930906909309069,False,False,False,False,False
network,NET01__OC__MSPSS__W4,OC,MSPSS,MSPSS_total,AUDIT_LOG1P,AUDIT,continuous,mayor riesgo por alcohol,none,new_W_clinical,134,1,,,134,130,-0.0666982262134782,0.0804005632651383,-0.8295741162101865,0.4083003335305488,0.0761594167876125,-0.8757712312776907,0.3827697111478505,0.044731568430295,0.03967457418085,0.0050569942494449,0.0052937939560456,-0.1199402550047023,-0.2533367074316589,1.307390677120437,W4,LIVING_ALONE,31,0.0301372372361042,4052,0.4052594740525947,1.0,0.8369678914697404,0.8833870120196813,0.8405381684053816,1.0,0.6484151584841515,0.8105189481051894,0.9392060793920608,False,False,False,False,False
network,NET02__OA__MSPSS__W4,OA,MSPSS,MSPSS_total,AUDIT_LOG1P,AUDIT,continuous,mayor riesgo por alcohol,none,new_W_clinical,134,1,,,134,130,-0.1066285455750536,0.0776796833282263,-1.3726696738001272,0.1722185023279423,0.0666036872073248,-1.6009405792075586,0.1118174106561383,0.0690045794167865,0.0555107172288635,0.0134938621879229,0.0144940156413119,-0.1437985658687611,-0.3570556570188684,1.4235817394676304,W4,LIVING_ALONE,2,0.0492521790867692,1764,0.1764823517648235,1.0,0.6362684921988239,0.6957527774159721,0.6376136579890398,1.0,0.5965403459654035,0.6866313368663134,0.631036896310369,False,False,False,False,False
network,NET03__DELTA_OC_MINUS_OA__MSPSS__W3,DELTA_OC_MINUS_OA,MSPSS,MSPSS_total,AUDIT_LOG1P,AUDIT,continuous,mayor riesgo por alcohol,none,new_W_clinical,134,1,,,134,130,-0.0209406909919326,0.0995652117222811,-0.210321362549229,0.833746152536145,0.1225354618876474,-0.170894944772258,0.8645720741758194,0.0648629201876774,0.0645447212694465,0.0003181989182309,0.0003402698118812,-0.2115844990111581,-0.2534658809950234,1.2101206356889078,W3,SLEEP_NOT_RECOMMENDED,8,0.0076950147436451,8297,0.8297170282971703,1.0,0.94026400503146,0.9499648702920656,0.9404905663279826,1.0,0.8297170282971703,0.8491150884911509,1.0,False,False,False,False,False
network,NET04__DELTA_OC_MINUS_OA__MSPSS__W2,DELTA_OC_MINUS_OA,MSPSS,MSPSS_total,AUDIT_LOG1P,AUDIT,continuous,mayor riesgo por alcohol,none,new_W_clinical,134,1,,,134,130,-0.0653130468992001,0.0949555952266163,-0.6878272601348797,0.492786997137564,0.1030174595611666,-0.633999781953665,0.5271949588044078,0.0354701137807806,0.0319599199032261,0.0035101938775545,0.0036392795368051,0.2130265509873967,0.0824004571889963,1.16877563789506,W2,BMI_OVERWEIGHT_OR_OBESE,3,0.0094547706672181,4883,0.4883511648835116,1.0,0.8763899999540867,0.940359808125346,0.8722036887220369,1.0,0.6511348865113489,0.5697430256974303,0.9751024897510248,False,False,False,False,False
network,NET05__DELTA_OC_MINUS_OA__MSPSS__W4,DELTA_OC_MINUS_OA,MSPSS,MSPSS_total,AUDIT_LOG1P,AUDIT,continuous,mayor riesgo por alcohol,none,new_W_clinical,134,1,,,134,130,0.1102125622298058,0.0985501216349901,1.1183401948301095,0.2654840386494076,0.1347451385702818,0.8179334957774373,0.4148918190461028,0.0525112686075867,0.0433958090202833,0.0091154595873033,0.0096206522413278,0.057904632054748,0.2783297565143597,1.2439132986424402,W4,LIVING_ALONE,1,0.013432102562434,2622,0.2622737726227377,1.0,0.7624157007367603,0.9067801218265378,0.7531964752242725,1.0,0.5965403459654035,0.6119721361197213,0.7966203379662034,False,False,False,False,False
network,NET06__DELTA_OC_MINUS_OA__BAI__W4,DELTA_OC_MINUS_OA,BAI,STAI_Trait_Anxiety,AUDIT_LOG1P,AUDIT,continuous,mayor riesgo por alcohol,none,new_W_clinical,134,1,,,134,130,0.040401999627654,0.0866077451350933,0.4664940712246215,0.6416426785378134,0.1045099992231224,0.3865850150988741,0.6996954917675616,0.0486890894445379,0.0470966189936404,0.0015924704508974,0.001673974757598,0.0479449251991658,0.128748924454474,1.2676546911451991,W4,LIVING_ALONE,4,0.0343388639933498,6433,0.6433356664333567,1.0,0.8763899999540867,0.940359808125346,0.8787023736650726,1.0,0.7352407616381219,0.8834283238342833,0.9965003499650036,False,False,False,False,False
network,NET07__DELTA_OC_MINUS_OA__BAI__W2,DELTA_OC_MINUS_OA,BAI,STAI_Trait_Anxiety,AUDIT_LOG1P,AUDIT,continuous,mayor riesgo por alcohol,none,new_W_clinical,134,1,,,134,130,-0.0910453812410265,0.0864797732528907,-1.0527939403215678,0.2943883592396057,0.0948840826329077,-0.9595432522994128,0.3390663718658153,0.077721935024057,0.0698586271412315,0.0078633078828254,0.0085259621598292,-0.0938376665812964,-0.2759284290633495,1.2320583602463142,W2,BMI_OVERWEIGHT_OR_OBESE,1,0.0459919248789558,2982,0.2982701729827017,1.0,0.8041828349959962,0.8833870120196813,0.7953871279538713,1.0,0.5965403459654035,0.6593340665933406,0.8338166183381662,False,False,False,False,False
network,NET08__DELTA_OC_MINUS_OA__MSPSS__W5,DELTA_OC_MINUS_OA,MSPSS,MSPSS_total,AUDIT_LOG1P,AUDIT,continuous,mayor riesgo por alcohol,none,new_W_clinical,134,1,,,134,130,-0.1151531439545236,0.0809627225561085,-1.4222983160518174,0.1573346308997755,0.083325023952514,-1.3819755277856034,0.1693492996314806,0.0370562256918812,0.0220718391028802,0.014984386589001,0.0155610192295675,0.187538452456742,-0.0427678354523052,1.4096519673607202,W5,ATTACHMENT_INSECURE,1,0.0490054593140692,1506,0.1506849315068493,1.0,0.6145333504819843,0.8246574590750362,0.5966299921731965,1.0,0.5965403459654035,0.5273972602739726,0.5968403159684031,False,False,False,False,False
network,NET01__OC__MSPSS__W4,OC,MSPSS,MSPSS_total,ALCOHOL_UNITS_LOG1P,Unidades estándar de alcohol en 28 días,continuous,mayor consumo,none,new_W_clinical,134,1,,,134,130,-0.067749757976137,0.0752933510266078,-0.8998106347025909,0.3698848085625742,0.0779683545977137,-0.868939178282,0.3864818177586105,0.0600845654067794,0.054230633418574,0.0058539319882053,0.0062281475255684,-0.1189058842766095,-0.2544054002288836,1.2912931471968063,W4,LIVING_ALONE,31,0.0301372372361042,3691,0.3691630836916308,1.0,0.8369678914697404,0.8833870120196813,0.8405381684053816,1.0,0.5997800219978002,0.8105189481051894,0.9121087891210878,False,False,False,False,False
network,NET02__OA__MSPSS__W4,OA,MSPSS,MSPSS_total,ALCOHOL_UNITS_LOG1P,Unidades estándar de alcohol en 28 días,continuous,mayor consumo,none,new_W_clinical,134,1,,,134,130,-0.0657731006006299,0.0750173303495931,-0.876772077786779,0.3822277762880058,0.0719942566926555,-0.9135881613642632,0.3626245645659532,0.0761398855529023,0.0706768215739691,0.0054630639789331,0.0059133021260503,-0.171481272804613,-0.3030274740058729,1.4059522268215574,W4,LIVING_ALONE,2,0.0492521790867692,3748,0.3748625137486251,1.0,0.8369678914697404,0.8833870120196813,0.8405381684053816,1.0,0.5997800219978002,0.7610148076101481,0.9218078192180782,False,False,False,False,False
network,NET03__DELTA_OC_MINUS_OA__MSPSS__W3,DELTA_OC_MINUS_OA,MSPSS,MSPSS_total,ALCOHOL_UNITS_LOG1P,Unidades estándar de alcohol en 28 días,continuous,mayor consumo,none,new_W_clinical,134,1,,,134,130,0.0375431446207079,0.0959584749202794,0.3912436567160754,0.6962576492510304,0.0968790396553484,0.3875259783155304,0.6990006036240886,0.0804886383420045,0.0794059377700462,0.0010827005719583,0.0011774738378502,-0.2730969147627743,-0.1980106255213584,1.159015092012332,W3,SLEEP_NOT_RECOMMENDED,8,0.0076950147436451,6929,0.692930706929307,1.0,0.8843829584630563,0.940359808125346,0.8806052728060526,1.0,0.7023297670232976,0.8491150884911509,0.9991000899910008,False,False,False,False,False
network,NET04__DELTA_OC_MINUS_OA__MSPSS__W2,DELTA_OC_MINUS_OA,MSPSS,MSPSS_total,ALCOHOL_UNITS_LOG1P,Unidades estándar de alcohol en 28 días,continuous,mayor consumo,none,new_W_clinical,134,1,,,134,130,-0.0939928893067148,0.0989079501372692,-0.9503067162575602,0.343719818018381,0.0982876982398439,-0.9563036981225388,0.3406938104870298,0.0555880140357575,0.049027381170011,0.0065606328657464,0.0069467911920326,0.247119681644493,0.0591339030310632,1.2171083476189215,W2,BMI_OVERWEIGHT_OR_OBESE,3,0.0094547706672181,3450,0.3450654934506549,1.0,0.8369678914697404,0.8833870120196813,0.8405381684053816,1.0,0.5997800219978002,0.5367685453676855,0.8898110188981102,False,False,False,False,False
network,NET05__DELTA_OC_MINUS_OA__MSPSS__W4,DELTA_OC_MINUS_OA,MSPSS,MSPSS_total,ALCOHOL_UNITS_LOG1P,Unidades estándar de alcohol en 28 días,continuous,mayor consumo,none,new_W_clinical,134,1,,,134,130,0.0467648502963918,0.0981181779086317,0.476617598218544,0.6344346001281284,0.1166943164916923,0.4007465976264671,0.6892645618334647,0.0555538804148999,0.0539035383023286,0.0016503421125713,0.0017474179610122,0.1183875405823805,0.2119172411751642,1.2515993388419486,W4,LIVING_ALONE,1,0.013432102562434,6320,0.6320367963203679,1.0,0.8763899999540867,0.940359808125346,0.874480453189249,1.0,0.7023297670232976,0.8465335284653354,0.9966003399660034,False,False,False,False,False
network,NET06__DELTA_OC_MINUS_OA__BAI__W4,DELTA_OC_MINUS_OA,BAI,STAI_Trait_Anxiety,ALCOHOL_UNITS_LOG1P,Unidades estándar de alcohol en 28 días,continuous,mayor consumo,none,new_W_clinical,134,1,,,134,130,0.0345503649316737,0.0903448129436768,0.3824277654237139,0.7027686009215357,0.1068918940189533,0.3232271749768745,0.7470425482768328,0.0454443130860835,0.0443704306266515,0.0010738824594319,0.0011250076597456,0.0742554462741061,0.1433561761374536,1.32088261043926,W4,LIVING_ALONE,4,0.0343388639933498,7023,0.7023297670232976,1.0,0.8843829584630563,0.940359808125346,0.8806052728060526,1.0,0.7023297670232976,0.8834283238342833,0.9991000899910008,False,False,False,False,False
network,NET07__DELTA_OC_MINUS_OA__BAI__W2,DELTA_OC_MINUS_OA,BAI,STAI_Trait_Anxiety,ALCOHOL_UNITS_LOG1P,Unidades estándar de alcohol en 28 días,continuous,mayor consumo,none,new_W_clinical,134,1,,,134,130,-0.1178571493247701,0.0866447808024893,-1.3602336832432045,0.1761100290907459,0.1031794256701772,-1.142254364755931,0.2554477594600011,0.082550697784814,0.0694930252682412,0.0130576725165728,0.0142325821002261,-0.0924401374612851,-0.3281544361108253,1.2395610140944633,W2,BMI_OVERWEIGHT_OR_OBESE,1,0.0459919248789558,1754,0.1754824517548245,1.0,0.6362684921988239,0.8833870120196813,0.6376136579890398,1.0,0.5997800219978002,0.4913508649135086,0.6352364763523648,False,False,False,False,False
network,NET08__DELTA_OC_MINUS_OA__MSPSS__W5,DELTA_OC_MINUS_OA,MSPSS,MSPSS_total,ALCOHOL_UNITS_LOG1P,Unidades estándar de alcohol en 28 días,continuous,mayor consumo,none,new_W_clinical,134,1,,,134,130,-0.0768955770680991,0.0842777068121424,-0.9124070881461188,0.363243386029637,0.0809339397427192,-0.9501029767306824,0.3438229266547339,0.0449081205788564,0.0387919568739149,0.0061161637049415,0.0064037438038404,0.1764033289421585,0.0226121748059601,1.3092469965177551,W5,ATTACHMENT_INSECURE,1,0.0490054593140692,3607,0.3607639236076392,1.0,0.8369678914697404,0.8833870120196813,0.8405381684053816,1.0,0.5997800219978002,0.7517248275172482,0.9061093890610938,False,False,False,False,False
network,NET01__OC__MSPSS__W4,OC,MSPSS,MSPSS_total,FAMILY_ALCOHOL_DEPENDENCE,Dependencia de alcohol en familiar,binary,1=sí,none,new_W,130,5,109.0,21.0,130,126,-0.6296785495982211,0.2517785079013955,-2.500922556284364,0.0136701371589963,0.196292285979635,-3.207861921092249,0.0016957186621433,0.0737715347148014,0.0277937475258182,0.0459777871889832,0.04963979073438,-0.0786127965141849,-0.7082913461124061,2.949600966810582,W4,LIVING_ALONE,31,0.0301372372361042,164,0.0164983501649835,0.6947305269473053,0.5225409958667436,0.0792894623037403,0.5447455254474552,1.0,0.0602606406026064,0.230976902309769,0.0837916208379162,True,True,True,True,True
network,NET02__OA__MSPSS__W4,OA,MSPSS,MSPSS_total,FAMILY_ALCOHOL_DEPENDENCE,Dependencia de alcohol en familiar,binary,1=sí,none,new_W,130,5,109.0,21.0,130,126,-0.5805359037134491,0.2441596994503039,-2.3776892952459208,0.0189250702463135,0.241523228436206,-2.403644185581045,0.0176891696656384,0.0851091163359465,0.0440595134547168,0.0410496028812297,0.0448683046406909,-0.1244938127954693,-0.7050297165089184,2.880802040512028,W4,LIVING_ALONE,2,0.0492521790867692,225,0.0225977402259774,0.797020297970203,0.5225409958667436,0.3301978337585848,0.5447455254474552,1.0,0.0602606406026064,0.3163683631636836,0.1096890310968903,True,True,True,True,True
network,NET03__DELTA_OC_MINUS_OA__MSPSS__W3,DELTA_OC_MINUS_OA,MSPSS,MSPSS_total,FAMILY_ALCOHOL_DEPENDENCE,Dependencia de alcohol en familiar,binary,1=sí,none,new_W,130,5,109.0,21.0,130,126,-0.4295422459499052,0.2310239849173841,-1.8592971898719208,0.0653176244833429,0.2118563975495203,-2.027516048220833,0.0447189095982676,0.0893070117318339,0.0643208772285732,0.0249861345032607,0.0274363971449653,-0.1818248736640791,-0.6113671196139844,2.8249478832179022,W3,SLEEP_NOT_RECOMMENDED,8,0.0076950147436451,680,0.0680931906809319,0.993000699930007,0.5225409958667436,0.5565019861117746,0.5447455254474552,1.0,0.0907909209079092,0.4325567443255674,0.3054694530546945,False,True,False,False,False
network,NET04__DELTA_OC_MINUS_OA__MSPSS__W2,DELTA_OC_MINUS_OA,MSPSS,MSPSS_total,FAMILY_ALCOHOL_DEPENDENCE,Dependencia de alcohol en familiar,binary,1=sí,none,new_W,130,5,109.0,21.0,130,126,0.2791668110554135,0.2441291912532323,1.1435208121663627,0.2549903649105694,0.2817897335526994,0.9906919160459926,0.3237347286726235,0.0390074029552781,0.0290341314204219,0.0099732715348561,0.0103780940306161,0.1246507533750404,0.4038175644304539,2.8578164675728424,W2,BMI_OVERWEIGHT_OR_OBESE,3,0.0094547706672181,2464,0.2464753524647535,1.0,0.7518290560169013,0.8833870120196813,0.7460875534068215,1.0,0.2816861171025754,0.5123487651234877,0.7674232576742326,False,False,False,False,False
network,NET05__DELTA_OC_MINUS_OA__MSPSS__W4,DELTA_OC_MINUS_OA,MSPSS,MSPSS_total,FAMILY_ALCOHOL_DEPENDENCE,Dependencia de alcohol en familiar,binary,1=sí,none,new_W,130,5,109.0,21.0,130,126,0.4993033828937878,0.24571431416852,2.03204841599642,0.0442510846128995,0.2707806585788118,1.843940351996978,0.0675410460193957,0.0706263914925977,0.0401693375033233,0.0304570539892744,0.0327715933726472,0.1261462457396618,0.6254496286334497,2.8832918632091937,W4,LIVING_ALONE,1,0.013432102562434,458,0.0458954104589541,0.966103389661034,0.5225409958667436,0.6303830961810267,0.5447455254474552,1.0,0.0734326567343265,0.3212678732126787,0.2221777822217778,True,False,True,True,False
network,NET06__DELTA_OC_MINUS_OA__BAI__W4,DELTA_OC_MINUS_OA,BAI,STAI_Trait_Anxiety,FAMILY_ALCOHOL_DEPENDENCE,Dependencia de alcohol en familiar,binary,1=sí,none,new_W,130,5,109.0,21.0,130,126,0.5353901838829661,0.218857799816685,2.44629245259437,0.0158133166079501,0.1480896019133473,3.615312466004484,0.0004322810006499,0.065248472874698,0.0208526214767511,0.0443958513979468,0.047494815584287,0.0020496917862172,0.5374398756691833,2.731877714610169,W4,LIVING_ALONE,4,0.0343388639933498,159,0.015998400159984,0.7408259174082592,0.5225409958667436,0.0484154720727993,0.5447455254474552,1.0,0.0602606406026064,0.223977602239776,0.0946905309469053,True,True,True,True,True
network,NET07__DELTA_OC_MINUS_OA__BAI__W2,DELTA_OC_MINUS_OA,BAI,STAI_Trait_Anxiety,FAMILY_ALCOHOL_DEPENDENCE,Dependencia de alcohol en familiar,binary,1=sí,none,new_W,130,5,109.0,21.0,130,126,-0.4626899678373626,0.2242755813115468,-2.063042107088014,0.0411626510539193,0.1474845012364003,-3.137210784580849,0.0021238248831359,0.0761074762764151,0.0448993933134147,0.0312080829630003,0.0337789106001439,-0.1051102243639726,-0.5678001922013354,2.739956552097297,W2,BMI_OVERWEIGHT_OR_OBESE,1,0.0459919248789558,442,0.0442955704429557,0.959004099590041,0.5225409958667436,0.0792894623037403,0.5447455254474552,1.0,0.0734326567343265,0.4241575842415759,0.2105789421057894,True,True,True,True,True
network,NET08__DELTA_OC_MINUS_OA__MSPSS__W5,DELTA_OC_MINUS_OA,MSPSS,MSPSS_total,FAMILY_ALCOHOL_DEPENDENCE,Dependencia de alcohol en familiar,binary,1=sí,none,new_W,130,5,109.0,21.0,130,126,-0.0166940873890178,0.222840100367517,-0.0749150954495408,0.9404010760939028,0.2818905026564444,-0.0592218866251191,0.9528692013165104,0.0176136026608008,0.0175698453655189,4.375729528183214e-05,4.454183750950654e-05,0.1314506827839704,0.1147565953949526,2.8410480146495085,W5,ATTACHMENT_INSECURE,1,0.0490054593140692,9393,0.9393060693930608,1.0,0.9645178779863354,0.9682005690338508,0.9626037396260374,1.0,0.9393060693930608,0.954104589541046,1.0,False,False,False,False,False
network,NET01__OC__MSPSS__W4,OC,MSPSS,MSPSS_total,RELATIONSHIP_NO_PARTNER,Sin pareja vs con pareja,binary,1=sin pareja,W4 LIVING_ALONE,conceptual_not_equivalent,133,2,80.0,53.0,133,129,0.1505533239715616,0.1711623350494126,0.8795937723570937,0.380715018590381,0.1520925492868505,0.9898796796916997,0.3240860185707719,0.0925231173648485,0.0870804705632819,0.0054426468015665,0.0059975597237938,-0.2384785391736941,-0.0879252152021324,2.0734045514895554,W4,LIVING_ALONE,31,0.0301372372361042,3768,0.3768623137686231,1.0,0.8369678914697404,0.8833870120196813,0.8405381684053816,1.0,0.7623237676232377,0.8105189481051894,0.9277072292770724,False,False,False,False,False
network,NET02__OA__MSPSS__W4,OA,MSPSS,MSPSS_total,RELATIONSHIP_NO_PARTNER,Sin pareja vs con pareja,binary,1=sin pareja,W4 LIVING_ALONE,conceptual_not_equivalent,133,2,80.0,53.0,133,129,0.1569784247399016,0.1668273047288299,0.9409636210035448,0.3484822220713632,0.1535560329716191,1.0222875760857606,0.3085581068863845,0.1063107120238059,0.1001767298617162,0.0061339821620897,0.0068636630701711,-0.2845688599413993,-0.1275904352014976,2.0444844052374327,W4,LIVING_ALONE,2,0.0492521790867692,3449,0.344965503449655,1.0,0.8369678914697404,0.8833870120196813,0.8405381684053816,1.0,0.7623237676232377,0.7610148076101481,0.9037096290370964,False,False,False,False,False
network,NET03__DELTA_OC_MINUS_OA__MSPSS__W3,DELTA_OC_MINUS_OA,MSPSS,MSPSS_total,RELATIONSHIP_NO_PARTNER,Sin pareja vs con pareja,binary,1=sin pareja,W4 LIVING_ALONE,conceptual_not_equivalent,133,2,80.0,53.0,133,129,-0.0402641554544492,0.1685177974199216,-0.2389311756438216,0.8115381216100139,0.1825260838820956,-0.2205939808606107,0.825757336830555,0.1084535751440594,0.1080590271020025,0.0003945480420568,0.0004425434627485,-0.2111291781348792,-0.2513933335893285,2.115572277788364,W3,SLEEP_NOT_RECOMMENDED,8,0.0076950147436451,8112,0.8112188781121887,1.0,0.94026400503146,0.9499648702920656,0.9404905663279826,1.0,0.8732126787321268,0.8491150884911509,1.0,False,False,False,False,False
network,NET04__DELTA_OC_MINUS_OA__MSPSS__W2,DELTA_OC_MINUS_OA,MSPSS,MSPSS_total,RELATIONSHIP_NO_PARTNER,Sin pareja vs con pareja,binary,1=sin pareja,W4 LIVING_ALONE,conceptual_not_equivalent,133,2,80.0,53.0,133,129,0.1474740900475583,0.1725491420919172,0.8546787788084083,0.3943134875020128,0.1859162945119109,0.793228428066106,0.429101307650058,0.0782297524124341,0.0730101332434496,0.0052196191689845,0.0056626032166314,0.0645212029422074,0.2119952929897657,2.1484808745247537,W2,BMI_OVERWEIGHT_OR_OBESE,3,0.0094547706672181,3980,0.3980601939806019,1.0,0.8369678914697404,0.9067801218265378,0.8405381684053816,1.0,0.7623237676232377,0.5572842715728427,0.9368063193680632,False,False,False,False,False
network,NET05__DELTA_OC_MINUS_OA__MSPSS__W4,DELTA_OC_MINUS_OA,MSPSS,MSPSS_total,RELATIONSHIP_NO_PARTNER,Sin pareja vs con pareja,binary,1=sin pareja,W4 LIVING_ALONE,conceptual_not_equivalent,133,2,80.0,53.0,133,129,0.0944412586028204,0.1677251986736599,0.5630713771672028,0.5743636373557958,0.1859561406285469,0.5078684591086975,0.6124128792972126,0.0963862412531999,0.0941653871589256,0.0022208540942743,0.0024577470991083,0.1501327046913559,0.2445739632941763,2.0588580994480896,W4,LIVING_ALONE,1,0.013432102562434,5694,0.5694430556944305,1.0,0.8763899999540867,0.940359808125346,0.8722036887220369,1.0,0.7623237676232377,0.8465335284653354,0.9926007399260074,False,False,False,False,False
network,NET06__DELTA_OC_MINUS_OA__BAI__W4,DELTA_OC_MINUS_OA,BAI,STAI_Trait_Anxiety,RELATIONSHIP_NO_PARTNER,Sin pareja vs con pareja,binary,1=sin pareja,W4 LIVING_ALONE,conceptual_not_equivalent,133,2,80.0,53.0,133,129,0.1008266662687581,0.1735150919571841,0.5810829774601841,0.562198408037861,0.1793315390244585,0.5622361064720842,0.5749308335515737,0.0376103701199261,0.0350913158106059,0.0025190543093202,0.0026174994317365,0.0235860874800973,0.1244127537488555,2.067966509965085,W4,LIVING_ALONE,4,0.0343388639933498,5717,0.5717428257174283,1.0,0.8763899999540867,0.940359808125346,0.8722036887220369,1.0,0.7623237676232377,0.8834283238342833,0.9915008499150084,False,False,False,False,False
network,NET07__DELTA_OC_MINUS_OA__BAI__W2,DELTA_OC_MINUS_OA,BAI,STAI_Trait_Anxiety,RELATIONSHIP_NO_PARTNER,Sin pareja vs con pareja,binary,1=sin pareja,W4 LIVING_ALONE,conceptual_not_equivalent,133,2,80.0,53.0,133,129,-0.1420328980875145,0.1741930412376273,-0.8153764184744832,0.4163597811523535,0.1947262344149049,-0.729397857018504,0.4670806327490309,0.0552337124812825,0.0503645869464615,0.0048691255348209,0.0051537884015834,-0.0697531138223252,-0.2117860119098397,2.1210213777124327,W2,BMI_OVERWEIGHT_OR_OBESE,1,0.0459919248789558,4250,0.4250574942505749,1.0,0.8369678914697404,0.9334728838572528,0.8589141085891411,1.0,0.7623237676232377,0.6593340665933406,0.9497050294970504,False,False,False,False,False
network,NET08__DELTA_OC_MINUS_OA__MSPSS__W5,DELTA_OC_MINUS_OA,MSPSS,MSPSS_total,RELATIONSHIP_NO_PARTNER,Sin pareja vs con pareja,binary,1=sin pareja,W4 LIVING_ALONE,conceptual_not_equivalent,133,2,80.0,53.0,133,129,0.0273571387509472,0.1738926066713232,0.1573220349882691,0.8752370301593552,0.1805540891453721,0.1515176913491048,0.8798040541254034,0.0672871076377701,0.067108155298278,0.000178952339492,0.0001918621914175,0.0962512889184155,0.1236084276693628,2.089002144383036,W5,ATTACHMENT_INSECURE,1,0.0490054593140692,8732,0.8732126787321268,1.0,0.9458333106847336,0.9499648702920656,0.9404905663279826,1.0,0.8732126787321268,0.954104589541046,1.0,False,False,False,False,False
